,ID,Gender,Car,Reality,inc,DAYS_BIRTH,DAYS_EMPLOYED,FLAG_MOBIL,wkphone,phone,email,famsize,begin_month,dep_value,target,ChldNo_0,ChldNo_1,ChldNo_2More,gp_inc_high,gp_inc_low,gp_inc_medium,Age,gp_Age_high,gp_Age_highest,gp_Age_low,gp_Age_lowest,gp_Age_medium,worktm,gp_worktm_high,gp_worktm_highest,gp_worktm_low,gp_worktm_lowest,gp_worktm_medium,famsizegp_1,famsizegp_2,famsizegp_3more,inctp_Commercial associate,inctp_State servant,inctp_Working,occyp_Laborwk,occyp_Other,occyp_hightecwk,occyp_officewk,houtp_Co-op apartment,houtp_House / apartment,houtp_Municipal apartment,houtp_Office apartment,houtp_Rented apartment,houtp_With parents,edutp_Higher education,edutp_Incomplete higher,edutp_Lower secondary,edutp_Secondary / secondary special,famtp_Civil marriage,famtp_Married,famtp_Separated,famtp_Single / not married,famtp_Widow
24,5008838.0,1.0,0.0,1.0,40.5,-11842.0,-2016.0,1.0,0,0,0,3,-39.0,No,0,0.0,1.0,0.0,1.0,0.0,0.0,32.0,0.0,0.0,1.0,0.0,0.0,5.0,0,0,0,1,0,0,0,1,1,0,0,0,0,1,0,0,1,0,0,0,0,1,0,0,0,0,1,0,0,0
25,5008839.0,1.0,0.0,1.0,40.5,-11842.0,-2016.0,1.0,0,0,0,3,-13.0,No,0,0.0,1.0,0.0,1.0,0.0,0.0,32.0,0.0,0.0,1.0,0.0,0.0,5.0,0,0,0,1,0,0,0,1,1,0,0,0,0,1,0,0,1,0,0,0,0,1,0,0,0,0,1,0,0,0
26,5008840.0,1.0,0.0,1.0,40.5,-11842.0,-2016.0,1.0,0,0,0,3,-55.0,No,0,0.0,1.0,0.0,1.0,0.0,0.0,32.0,0.0,0.0,1.0,0.0,0.0,5.0,0,0,0,1,0,0,0,1,1,0,0,0,0,1,0,0,1,0,0,0,0,1,0,0,0,0,1,0,0,0
27,5008841.0,1.0,0.0,1.0,40.5,-11842.0,-2016.0,1.0,0,0,0,3,-4.0,No,0,0.0,1.0,0.0,1.0,0.0,0.0,32.0,0.0,0.0,1.0,0.0,0.0,5.0,0,0,0,1,0,0,0,1,1,0,0,0,0,1,0,0,1,0,0,0,0,1,0,0,0,0,1,0,0,0
28,5008842.0,1.0,0.0,1.0,40.5,-11842.0,-2016.0,1.0,0,0,0,3,-8.0,No,0,0.0,1.0,0.0,1.0,0.0,0.0,32.0,0.0,0.0,1.0,0.0,0.0,5.0,0,0,0,1,0,0,0,1,1,0,0,0,0,1,0,0,1,0,0,0,0,1,0,0,0,0,1,0,0,0
29,5008843.0,1.0,0.0,1.0,40.5,-11842.0,-2016.0,1.0,0,0,0,3,-29.0,No,0,0.0,1.0,0.0,1.0,0.0,0.0,32.0,0.0,0.0,1.0,0.0,0.0,5.0,0,0,0,1,0,0,0,1,1,0,0,0,0,1,0,0,1,0,0,0,0,1,0,0,0,0,1,0,0,0
1482,5011031.0,0.0,0.0,1.0,13.5,-17489.0,-7557.0,1.0,0,1,0,3,-14.0,No,0,0.0,1.0,0.0,0.0,1.0,0.0,47.0,0.0,0.0,0.0,0.0,1.0,20.0,0,0,0,0,1,0,0,1,0,0,1,0,1,0,0,0,1,0,0,0,0,1,0,0,0,1,0,0,0,0
1483,5011032.0,0.0,0.0,1.0,13.5,-17489.0,-7557.0,1.0,0,1,0,3,-2.0,No,0,0.0,1.0,0.0,0.0,1.0,0.0,47.0,0.0,0.0,0.0,0.0,1.0,20.0,0,0,0,0,1,0,0,1,0,0,1,0,1,0,0,0,1,0,0,0,0,1,0,0,0,1,0,0,0,0
1484,5011033.0,0.0,0.0,1.0,13.5,-17489.0,-7557.0,1.0,0,1,0,3,-29.0,No,0,0.0,1.0,0.0,0.0,1.0,0.0,47.0,0.0,0.0,0.0,0.0,1.0,20.0,0,0,0,0,1,0,0,1,0,0,1,0,1,0,0,0,1,0,0,0,0,1,0,0,0,1,0,0,0,0
1575,5021234.0,0.0,0.0,1.0,6.75,-12450.0,-1466.0,1.0,0,0,0,3,-29.0,No,0,0.0,1.0,0.0,0.0,1.0,0.0,34.0,0.0,0.0,1.0,0.0,0.0,4.0,0,0,0,1,0,0,0,1,1,0,0,1,0,0,0,0,1,0,0,0,0,1,0,0,0,0,1,0,0,0
1576,5021235.0,0.0,0.0,1.0,6.75,-12450.0,-1466.0,1.0,0,0,0,3,-6.0,No,0,0.0,1.0,0.0,0.0,1.0,0.0,34.0,0.0,0.0,1.0,0.0,0.0,4.0,0,0,0,1,0,0,0,1,1,0,0,1,0,0,0,0,1,0,0,0,0,1,0,0,0,0,1,0,0,0
1577,5021236.0,0.0,0.0,1.0,6.75,-12450.0,-1466.0,1.0,0,0,0,3,-8.0,No,0,0.0,1.0,0.0,0.0,1.0,0.0,34.0,0.0,0.0,1.0,0.0,0.0,4.0,0,0,0,1,0,0,0,1,1,0,0,1,0,0,0,0,1,0,0,0,0,1,0,0,0,0,1,0,0,0
1611,5021302.0,1.0,0.0,0.0,47.25,-8907.0,-913.0,1.0,0,0,1,3,-14.0,No,0,0.0,1.0,0.0,1.0,0.0,0.0,24.0,0.0,0.0,0.0,1.0,0.0,2.0,0,0,0,1,0,0,0,1,1,0,0,0,1,0,0,0,0,0,0,0,1,1,0,0,0,0,1,0,0,0
1676,5021382.0,0.0,0.0,1.0,12.15,-11007.0,-762.0,1.0,0,0,0,3,-29.0,No,0,0.0,1.0,0.0,0.0,1.0,0.0,30.0,0.0,0.0,1.0,0.0,0.0,2.0,0,0,0,1,0,0,0,1,0,0,1,0,1,0,0,0,1,0,0,0,0,1,0,0,0,0,1,0,0,0
1677,5021383.0,0.0,0.0,1.0,12.15,-11007.0,-762.0,1.0,0,0,0,3,-17.0,Yes,1,0.0,1.0,0.0,0.0,1.0,0.0,30.0,0.0,0.0,1.0,0.0,0.0,2.0,0,0,0,1,0,0,0,1,0,0,1,0,1,0,0,0,1,0,0,0,0,1,0,0,0,0,1,0,0,0
1678,5021384.0,0.0,0.0,1.0,12.15,-11007.0,-762.0,1.0,0,0,0,3,-39.0,No,0,0.0,1.0,0.0,0.0,1.0,0.0,30.0,0.0,0.0,1.0,0.0,0.0,2.0,0,0,0,1,0,0,0,1,0,0,1,0,1,0,0,0,1,0,0,0,0,1,0,0,0,0,1,0,0,0
1679,5021385.0,0.0,0.0,1.0,12.15,-11007.0,-762.0,1.0,0,0,0,3,-29.0,No,0,0.0,1.0,0.0,0.0,1.0,0.0,30.0,0.0,0.0,1.0,0.0,0.0,2.0,0,0,0,1,0,0,0,1,0,0,1,0,1,0,0,0,1,0,0,0,0,1,0,0,0,0,1,0,0,0
1680,5021386.0,0.0,0.0,1.0,12.15,-11007.0,-762.0,1.0,0,0,0,3,-46.0,Yes,1,0.0,1.0,0.0,0.0,1.0,0.0,30.0,0.0,0.0,1.0,0.0,0.0,2.0,0,0,0,1,0,0,0,1,0,0,1,0,1,0,0,0,1,0,0,0,0,1,0,0,0,0,1,0,0,0
1681,5021387.0,0.0,0.0,1.0,12.15,-11007.0,-762.0,1.0,0,0,0,3,-51.0,No,0,0.0,1.0,0.0,0.0,1.0,0.0,30.0,0.0,0.0,1.0,0.0,0.0,2.0,0,0,0,1,0,0,0,1,0,0,1,0,1,0,0,0,1,0,0,0,0,1,0,0,0,0,1,0,0,0
1682,5021388.0,0.0,0.0,1.0,12.15,-11007.0,-762.0,1.0,0,0,0,3,-46.0,No,0,0.0,1.0,0.0,0.0,1.0,0.0,30.0,0.0,0.0,1.0,0.0,0.0,2.0,0,0,0,1,0,0,0,1,0,0,1,0,1,0,0,0,1,0,0,0,0,1,0,0,0,0,1,0,0,0
1683,5021389.0,0.0,0.0,1.0,12.15,-11007.0,-762.0,1.0,0,0,0,3,-51.0,Yes,1,0.0,1.0,0.0,0.0,1.0,0.0,30.0,0.0,0.0,1.0,0.0,0.0,2.0,0,0,0,1,0,0,0,1,0,0,1,0,1,0,0,0,1,0,0,0,0,1,0,0,0,0,1,0,0,0
1684,5021390.0,0.0,0.0,1.0,12.15,-11007.0,-762.0,1.0,0,0,0,3,-11.0,No,0,0.0,1.0,0.0,0.0,1.0,0.0,30.0,0.0,0.0,1.0,0.0,0.0,2.0,0,0,0,1,0,0,0,1,0,0,1,0,1,0,0,0,1,0,0,0,0,1,0,0,0,0,1,0,0,0
1685,5021391.0,0.0,0.0,1.0,12.15,-11007.0,-762.0,1.0,0,0,0,3,-4.0,No,0,0.0,1.0,0.0,0.0,1.0,0.0,30.0,0.0,0.0,1.0,0.0,0.0,2.0,0,0,0,1,0,0,0,1,0,0,1,0,1,0,0,0,1,0,0,0,0,1,0,0,0,0,1,0,0,0
1686,5021392.0,0.0,0.0,1.0,12.15,-11007.0,-762.0,1.0,0,0,0,3,-14.0,No,0,0.0,1.0,0.0,0.0,1.0,0.0,30.0,0.0,0.0,1.0,0.0,0.0,2.0,0,0,0,1,0,0,0,1,0,0,1,0,1,0,0,0,1,0,0,0,0,1,0,0,0,0,1,0,0,0
1951,5021769.0,0.0,0.0,1.0,6.75,-12774.0,-517.0,1.0,0,0,0,3,-11.0,No,0,0.0,1.0,0.0,0.0,1.0,0.0,34.0,0.0,0.0,1.0,0.0,0.0,1.0,0,0,0,1,0,0,0,1,0,0,1,0,0,1,0,0,1,0,0,0,0,1,0,0,0,0,1,0,0,0
2455,5022504.0,0.0,0.0,1.0,72.0,-16722.0,-2223.0,1.0,0,0,1,3,-2.0,No,0,0.0,1.0,0.0,1.0,0.0,0.0,45.0,0.0,0.0,0.0,0.0,1.0,6.0,0,0,0,1,0,0,0,1,1,0,0,0,0,1,0,0,1,0,0,0,0,1,0,0,0,0,1,0,0,0
2456,5022505.0,0.0,0.0,1.0,72.0,-16722.0,-2223.0,1.0,0,0,1,3,-27.0,No,0,0.0,1.0,0.0,1.0,0.0,0.0,45.0,0.0,0.0,0.0,0.0,1.0,6.0,0,0,0,1,0,0,0,1,1,0,0,0,0,1,0,0,1,0,0,0,0,1,0,0,0,0,1,0,0,0
2457,5022506.0,0.0,0.0,1.0,72.0,-16722.0,-2223.0,1.0,0,0,1,3,-24.0,No,0,0.0,1.0,0.0,1.0,0.0,0.0,45.0,0.0,0.0,0.0,0.0,1.0,6.0,0,0,0,1,0,0,0,1,1,0,0,0,0,1,0,0,1,0,0,0,0,1,0,0,0,0,1,0,0,0
2874,5023150.0,1.0,0.0,1.0,31.5,-11400.0,-1513.0,1.0,0,0,0,3,-49.0,No,0,0.0,1.0,0.0,1.0,0.0,0.0,31.0,0.0,0.0,1.0,0.0,0.0,4.0,0,0,0,1,0,0,0,1,0,0,1,0,0,1,0,0,1,0,0,0,0,1,0,0,0,0,1,0,0,0
2875,5023151.0,1.0,0.0,1.0,31.5,-11400.0,-1513.0,1.0,0,0,0,3,-28.0,No,0,0.0,1.0,0.0,1.0,0.0,0.0,31.0,0.0,0.0,1.0,0.0,0.0,4.0,0,0,0,1,0,0,0,1,0,0,1,0,0,1,0,0,1,0,0,0,0,1,0,0,0,0,1,0,0,0
2876,5023152.0,1.0,0.0,1.0,31.5,-11400.0,-1513.0,1.0,0,0,0,3,-21.0,No,0,0.0,1.0,0.0,1.0,0.0,0.0,31.0,0.0,0.0,1.0,0.0,0.0,4.0,0,0,0,1,0,0,0,1,0,0,1,0,0,1,0,0,1,0,0,0,0,1,0,0,0,0,1,0,0,0
3462,5024150.0,0.0,0.0,1.0,33.75,-16867.0,-3592.0,1.0,0,0,0,3,-59.0,No,0,0.0,1.0,0.0,1.0,0.0,0.0,46.0,0.0,0.0,0.0,0.0,1.0,9.0,0,0,1,0,0,0,0,1,0,0,1,0,1,0,0,0,1,0,0,0,0,1,0,0,0,0,1,0,0,0
3520,5024254.0,1.0,0.0,1.0,63.0,-17370.0,-4599.0,1.0,0,0,0,3,-22.0,No,0,0.0,1.0,0.0,1.0,0.0,0.0,47.0,0.0,0.0,0.0,0.0,1.0,12.0,0,0,1,0,0,0,0,1,0,0,1,0,0,1,0,0,1,0,0,0,0,1,0,0,0,0,1,0,0,0
4326,5026364.0,1.0,0.0,1.0,11.25,-13682.0,-5460.0,1.0,1,1,0,3,-20.0,No,0,0.0,1.0,0.0,0.0,1.0,0.0,37.0,0.0,0.0,1.0,0.0,0.0,14.0,0,0,1,0,0,0,0,1,0,0,1,0,1,0,0,0,1,0,0,0,0,1,0,0,0,0,1,0,0,0
4327,5026365.0,1.0,0.0,1.0,11.25,-13682.0,-5460.0,1.0,1,1,0,3,-30.0,No,0,0.0,1.0,0.0,0.0,1.0,0.0,37.0,0.0,0.0,1.0,0.0,0.0,14.0,0,0,1,0,0,0,0,1,0,0,1,0,1,0,0,0,1,0,0,0,0,1,0,0,0,0,1,0,0,0
4328,5026366.0,1.0,0.0,1.0,11.25,-13682.0,-5460.0,1.0,1,1,0,3,-35.0,No,0,0.0,1.0,0.0,0.0,1.0,0.0,37.0,0.0,0.0,1.0,0.0,0.0,14.0,0,0,1,0,0,0,0,1,0,0,1,0,1,0,0,0,1,0,0,0,0,1,0,0,0,0,1,0,0,0
4329,5026367.0,1.0,0.0,1.0,11.25,-13682.0,-5460.0,1.0,1,1,0,3,-57.0,No,0,0.0,1.0,0.0,0.0,1.0,0.0,37.0,0.0,0.0,1.0,0.0,0.0,14.0,0,0,1,0,0,0,0,1,0,0,1,0,1,0,0,0,1,0,0,0,0,1,0,0,0,0,1,0,0,0
4330,5026368.0,1.0,0.0,1.0,11.25,-13682.0,-5460.0,1.0,1,1,0,3,-40.0,No,0,0.0,1.0,0.0,0.0,1.0,0.0,37.0,0.0,0.0,1.0,0.0,0.0,14.0,0,0,1,0,0,0,0,1,0,0,1,0,1,0,0,0,1,0,0,0,0,1,0,0,0,0,1,0,0,0
4331,5026369.0,1.0,0.0,1.0,11.25,-13682.0,-5460.0,1.0,1,1,0,3,-5.0,No,0,0.0,1.0,0.0,0.0,1.0,0.0,37.0,0.0,0.0,1.0,0.0,0.0,14.0,0,0,1,0,0,0,0,1,0,0,1,0,1,0,0,0,1,0,0,0,0,1,0,0,0,0,1,0,0,0
4332,5026370.0,1.0,0.0,1.0,11.25,-13682.0,-5460.0,1.0,1,1,0,3,-3.0,No,0,0.0,1.0,0.0,0.0,1.0,0.0,37.0,0.0,0.0,1.0,0.0,0.0,14.0,0,0,1,0,0,0,0,1,0,0,1,0,1,0,0,0,1,0,0,0,0,1,0,0,0,0,1,0,0,0
4333,5026371.0,1.0,0.0,1.0,11.25,-13682.0,-5460.0,1.0,1,1,0,3,-56.0,No,0,0.0,1.0,0.0,0.0,1.0,0.0,37.0,0.0,0.0,1.0,0.0,0.0,14.0,0,0,1,0,0,0,0,1,0,0,1,0,1,0,0,0,1,0,0,0,0,1,0,0,0,0,1,0,0,0
4334,5026373.0,1.0,0.0,1.0,11.25,-13682.0,-5460.0,1.0,1,1,0,3,-28.0,No,0,0.0,1.0,0.0,0.0,1.0,0.0,37.0,0.0,0.0,1.0,0.0,0.0,14.0,0,0,1,0,0,0,0,1,0,0,1,0,1,0,0,0,1,0,0,0,0,1,0,0,0,0,1,0,0,0
4335,5026374.0,1.0,0.0,1.0,11.25,-13682.0,-5460.0,1.0,1,1,0,3,-35.0,No,0,0.0,1.0,0.0,0.0,1.0,0.0,37.0,0.0,0.0,1.0,0.0,0.0,14.0,0,0,1,0,0,0,0,1,0,0,1,0,1,0,0,0,1,0,0,0,0,1,0,0,0,0,1,0,0,0
4336,5026376.0,1.0,0.0,1.0,11.25,-13682.0,-5460.0,1.0,1,1,0,3,-13.0,No,0,0.0,1.0,0.0,0.0,1.0,0.0,37.0,0.0,0.0,1.0,0.0,0.0,14.0,0,0,1,0,0,0,0,1,0,0,1,0,1,0,0,0,1,0,0,0,0,1,0,0,0,0,1,0,0,0
4337,5026377.0,1.0,0.0,1.0,11.25,-13682.0,-5460.0,1.0,1,1,0,3,-9.0,No,0,0.0,1.0,0.0,0.0,1.0,0.0,37.0,0.0,0.0,1.0,0.0,0.0,14.0,0,0,1,0,0,0,0,1,0,0,1,0,1,0,0,0,1,0,0,0,0,1,0,0,0,0,1,0,0,0
4338,5026378.0,1.0,0.0,1.0,11.25,-13682.0,-5460.0,1.0,1,1,0,3,-37.0,No,0,0.0,1.0,0.0,0.0,1.0,0.0,37.0,0.0,0.0,1.0,0.0,0.0,14.0,0,0,1,0,0,0,0,1,0,0,1,0,1,0,0,0,1,0,0,0,0,1,0,0,0,0,1,0,0,0
4339,5026379.0,1.0,0.0,1.0,11.25,-13682.0,-5460.0,1.0,1,1,0,3,-5.0,No,0,0.0,1.0,0.0,0.0,1.0,0.0,37.0,0.0,0.0,1.0,0.0,0.0,14.0,0,0,1,0,0,0,0,1,0,0,1,0,1,0,0,0,1,0,0,0,0,1,0,0,0,0,1,0,0,0
4380,5026488.0,0.0,0.0,1.0,22.5,-15720.0,-2569.0,1.0,0,1,0,3,-11.0,No,0,0.0,1.0,0.0,1.0,0.0,0.0,43.0,0.0,0.0,0.0,0.0,1.0,7.0,0,0,0,1,0,0,0,1,1,0,0,0,0,1,0,0,1,0,0,0,0,1,0,0,0,0,1,0,0,0
4381,5026489.0,0.0,0.0,1.0,22.5,-15720.0,-2569.0,1.0,0,1,0,3,-10.0,No,0,0.0,1.0,0.0,1.0,0.0,0.0,43.0,0.0,0.0,0.0,0.0,1.0,7.0,0,0,0,1,0,0,0,1,1,0,0,0,0,1,0,0,1,0,0,0,0,1,0,0,0,0,1,0,0,0
4382,5026490.0,0.0,0.0,1.0,22.5,-15720.0,-2569.0,1.0,0,1,0,3,-27.0,No,0,0.0,1.0,0.0,1.0,0.0,0.0,43.0,0.0,0.0,0.0,0.0,1.0,7.0,0,0,0,1,0,0,0,1,1,0,0,0,0,1,0,0,1,0,0,0,0,1,0,0,0,0,1,0,0,0
4383,5026491.0,0.0,0.0,1.0,22.5,-15720.0,-2569.0,1.0,0,1,0,3,-46.0,No,0,0.0,1.0,0.0,1.0,0.0,0.0,43.0,0.0,0.0,0.0,0.0,1.0,7.0,0,0,0,1,0,0,0,1,1,0,0,0,0,1,0,0,1,0,0,0,0,1,0,0,0,0,1,0,0,0
4384,5026492.0,0.0,0.0,1.0,22.5,-15720.0,-2569.0,1.0,0,1,0,3,-55.0,No,0,0.0,1.0,0.0,1.0,0.0,0.0,43.0,0.0,0.0,0.0,0.0,1.0,7.0,0,0,0,1,0,0,0,1,1,0,0,0,0,1,0,0,1,0,0,0,0,1,0,0,0,0,1,0,0,0
4385,5026493.0,0.0,0.0,1.0,22.5,-15720.0,-2569.0,1.0,0,1,0,3,-11.0,No,0,0.0,1.0,0.0,1.0,0.0,0.0,43.0,0.0,0.0,0.0,0.0,1.0,7.0,0,0,0,1,0,0,0,1,1,0,0,0,0,1,0,0,1,0,0,0,0,1,0,0,0,0,1,0,0,0
4386,5026494.0,0.0,0.0,1.0,22.5,-15720.0,-2569.0,1.0,0,1,0,3,-11.0,No,0,0.0,1.0,0.0,1.0,0.0,0.0,43.0,0.0,0.0,0.0,0.0,1.0,7.0,0,0,0,1,0,0,0,1,1,0,0,0,0,1,0,0,1,0,0,0,0,1,0,0,0,0,1,0,0,0
4387,5026496.0,0.0,0.0,1.0,22.5,-15720.0,-2569.0,1.0,0,1,0,3,-49.0,No,0,0.0,1.0,0.0,1.0,0.0,0.0,43.0,0.0,0.0,0.0,0.0,1.0,7.0,0,0,0,1,0,0,0,1,1,0,0,0,0,1,0,0,1,0,0,0,0,1,0,0,0,0,1,0,0,0
4745,5028616.0,1.0,0.0,1.0,13.5,-9403.0,-1999.0,1.0,1,1,0,3,-3.0,No,0,0.0,1.0,0.0,0.0,1.0,0.0,25.0,0.0,0.0,0.0,1.0,0.0,5.0,0,0,0,1,0,0,0,1,0,0,1,0,0,1,0,0,1,0,0,0,0,1,0,0,0,0,1,0,0,0
4746,5028617.0,1.0,0.0,1.0,13.5,-9403.0,-1999.0,1.0,1,1,0,3,-32.0,No,0,0.0,1.0,0.0,0.0,1.0,0.0,25.0,0.0,0.0,0.0,1.0,0.0,5.0,0,0,0,1,0,0,0,1,0,0,1,0,0,1,0,0,1,0,0,0,0,1,0,0,0,0,1,0,0,0
4754,5028630.0,0.0,0.0,1.0,11.835,-9968.0,-780.0,1.0,0,0,0,3,-21.0,No,0,0.0,1.0,0.0,0.0,1.0,0.0,27.0,0.0,0.0,0.0,1.0,0.0,2.0,0,0,0,1,0,0,0,1,0,0,1,1,0,0,0,0,1,0,0,0,0,1,0,0,0,1,0,0,0,0
5334,5029528.0,1.0,0.0,0.0,22.5,-18976.0,-688.0,1.0,0,0,0,3,-42.0,No,0,0.0,1.0,0.0,1.0,0.0,0.0,51.0,1.0,0.0,0.0,0.0,0.0,1.0,0,0,0,1,0,0,0,1,1,0,0,1,0,0,0,0,0,1,0,0,0,1,0,0,0,0,1,0,0,0
5590,5033481.0,0.0,0.0,0.0,18.9,-14287.0,-2271.0,1.0,1,0,0,3,-28.0,No,0,0.0,1.0,0.0,0.0,0.0,1.0,39.0,0.0,0.0,1.0,0.0,0.0,6.0,0,0,0,1,0,0,0,1,0,0,1,0,0,1,0,0,1,0,0,0,0,1,0,0,0,0,1,0,0,0
5615,5033528.0,1.0,0.0,1.0,29.25,-14878.0,-6685.0,1.0,0,0,0,3,-39.0,No,0,0.0,1.0,0.0,1.0,0.0,0.0,40.0,0.0,0.0,0.0,0.0,1.0,18.0,0,0,0,0,1,0,0,1,0,0,1,0,0,1,0,0,1,0,0,0,0,1,0,0,0,0,1,0,0,0
5682,5033629.0,0.0,0.0,0.0,20.25,-12506.0,-908.0,1.0,0,0,0,3,-37.0,No,0,0.0,1.0,0.0,0.0,0.0,1.0,34.0,0.0,0.0,1.0,0.0,0.0,2.0,0,0,0,1,0,0,0,1,0,0,1,0,0,1,0,0,0,0,0,0,1,1,0,0,0,1,0,0,0,0
5995,5033999.0,0.0,0.0,1.0,14.85,-16038.0,-1036.0,1.0,1,1,0,3,-41.0,No,0,0.0,1.0,0.0,0.0,0.0,1.0,43.0,0.0,0.0,0.0,0.0,1.0,2.0,0,0,0,1,0,0,0,1,1,0,0,0,0,1,0,0,1,0,0,0,0,1,0,0,0,1,0,0,0,0
6128,5035885.0,0.0,0.0,1.0,22.5,-19573.0,-7404.0,1.0,0,1,0,3,-31.0,No,0,0.0,1.0,0.0,1.0,0.0,0.0,53.0,1.0,0.0,0.0,0.0,0.0,20.0,0,0,0,0,1,0,0,1,0,0,1,0,1,0,0,0,1,0,0,0,0,1,0,0,0,0,1,0,0,0
6129,5035886.0,0.0,0.0,1.0,22.5,-19573.0,-7404.0,1.0,0,1,0,3,-32.0,No,0,0.0,1.0,0.0,1.0,0.0,0.0,53.0,1.0,0.0,0.0,0.0,0.0,20.0,0,0,0,0,1,0,0,1,0,0,1,0,1,0,0,0,1,0,0,0,0,1,0,0,0,0,1,0,0,0
6130,5035887.0,0.0,0.0,1.0,22.5,-19573.0,-7404.0,1.0,0,1,0,3,-10.0,No,0,0.0,1.0,0.0,1.0,0.0,0.0,53.0,1.0,0.0,0.0,0.0,0.0,20.0,0,0,0,0,1,0,0,1,0,0,1,0,1,0,0,0,1,0,0,0,0,1,0,0,0,0,1,0,0,0
6131,5035888.0,0.0,0.0,1.0,22.5,-19573.0,-7404.0,1.0,0,1,0,3,-16.0,No,0,0.0,1.0,0.0,1.0,0.0,0.0,53.0,1.0,0.0,0.0,0.0,0.0,20.0,0,0,0,0,1,0,0,1,0,0,1,0,1,0,0,0,1,0,0,0,0,1,0,0,0,0,1,0,0,0
6209,5036125.0,1.0,0.0,1.0,61.65,-13242.0,-4239.0,1.0,0,0,0,3,-50.0,No,0,0.0,1.0,0.0,1.0,0.0,0.0,36.0,0.0,0.0,1.0,0.0,0.0,11.0,0,0,1,0,0,0,0,1,1,0,0,0,0,1,0,0,1,0,0,0,0,1,0,0,0,0,1,0,0,0
6210,5036126.0,1.0,0.0,1.0,61.65,-13242.0,-4239.0,1.0,0,0,0,3,-40.0,No,0,0.0,1.0,0.0,1.0,0.0,0.0,36.0,0.0,0.0,1.0,0.0,0.0,11.0,0,0,1,0,0,0,0,1,1,0,0,0,0,1,0,0,1,0,0,0,0,1,0,0,0,0,1,0,0,0
6211,5036127.0,1.0,0.0,1.0,61.65,-13242.0,-4239.0,1.0,0,0,0,3,-24.0,No,0,0.0,1.0,0.0,1.0,0.0,0.0,36.0,0.0,0.0,1.0,0.0,0.0,11.0,0,0,1,0,0,0,0,1,1,0,0,0,0,1,0,0,1,0,0,0,0,1,0,0,0,0,1,0,0,0
6212,5036128.0,1.0,0.0,1.0,61.65,-13242.0,-4239.0,1.0,0,0,0,3,-59.0,No,0,0.0,1.0,0.0,1.0,0.0,0.0,36.0,0.0,0.0,1.0,0.0,0.0,11.0,0,0,1,0,0,0,0,1,1,0,0,0,0,1,0,0,1,0,0,0,0,1,0,0,0,0,1,0,0,0
6213,5036129.0,1.0,0.0,1.0,61.65,-13242.0,-4239.0,1.0,0,0,0,3,-37.0,No,0,0.0,1.0,0.0,1.0,0.0,0.0,36.0,0.0,0.0,1.0,0.0,0.0,11.0,0,0,1,0,0,0,0,1,1,0,0,0,0,1,0,0,1,0,0,0,0,1,0,0,0,0,1,0,0,0
6214,5036130.0,1.0,0.0,1.0,61.65,-13242.0,-4239.0,1.0,0,0,0,3,-37.0,No,0,0.0,1.0,0.0,1.0,0.0,0.0,36.0,0.0,0.0,1.0,0.0,0.0,11.0,0,0,1,0,0,0,0,1,1,0,0,0,0,1,0,0,1,0,0,0,0,1,0,0,0,0,1,0,0,0
6215,5036131.0,1.0,0.0,1.0,61.65,-13242.0,-4239.0,1.0,0,0,0,3,-6.0,No,0,0.0,1.0,0.0,1.0,0.0,0.0,36.0,0.0,0.0,1.0,0.0,0.0,11.0,0,0,1,0,0,0,0,1,1,0,0,0,0,1,0,0,1,0,0,0,0,1,0,0,0,0,1,0,0,0
6216,5036132.0,1.0,0.0,1.0,61.65,-13242.0,-4239.0,1.0,0,0,0,3,-6.0,No,0,0.0,1.0,0.0,1.0,0.0,0.0,36.0,0.0,0.0,1.0,0.0,0.0,11.0,0,0,1,0,0,0,0,1,1,0,0,0,0,1,0,0,1,0,0,0,0,1,0,0,0,0,1,0,0,0
6321,5036496.0,1.0,0.0,0.0,20.25,-15970.0,-1273.0,1.0,1,0,0,3,-25.0,No,0,0.0,1.0,0.0,0.0,0.0,1.0,43.0,0.0,0.0,0.0,0.0,1.0,3.0,0,0,0,1,0,0,0,1,1,0,0,0,0,1,0,0,1,0,0,0,0,1,0,0,0,0,1,0,0,0
6381,5036587.0,1.0,0.0,1.0,13.5,-15914.0,-3092.0,1.0,0,1,0,3,-44.0,No,0,0.0,1.0,0.0,0.0,1.0,0.0,43.0,0.0,0.0,0.0,0.0,1.0,8.0,0,0,0,1,0,0,0,1,0,0,1,0,1,0,0,0,1,0,0,0,0,1,0,0,0,0,1,0,0,0
6443,5036683.0,1.0,0.0,0.0,22.5,-13694.0,-3488.0,1.0,1,1,0,3,-22.0,No,0,0.0,1.0,0.0,1.0,0.0,0.0,37.0,0.0,0.0,1.0,0.0,0.0,9.0,0,0,1,0,0,0,0,1,1,0,0,0,0,1,0,0,0,0,0,0,1,1,0,0,0,0,1,0,0,0
6581,5036836.0,0.0,0.0,1.0,24.75,-13556.0,-4296.0,1.0,0,1,0,3,-52.0,No,0,0.0,1.0,0.0,1.0,0.0,0.0,37.0,0.0,0.0,1.0,0.0,0.0,11.0,0,0,1,0,0,0,0,1,1,0,0,0,0,1,0,0,1,0,0,0,0,1,0,0,0,0,1,0,0,0
6582,5139354.0,0.0,0.0,1.0,24.75,-13556.0,-4296.0,1.0,0,1,0,3,-52.0,No,0,0.0,1.0,0.0,1.0,0.0,0.0,37.0,0.0,0.0,1.0,0.0,0.0,11.0,0,0,1,0,0,0,0,1,1,0,0,0,0,1,0,0,1,0,0,0,0,1,0,0,0,0,1,0,0,0
6598,5036851.0,0.0,0.0,1.0,25.65,-17594.0,-1315.0,1.0,0,1,0,3,-47.0,No,0,0.0,1.0,0.0,1.0,0.0,0.0,48.0,0.0,0.0,0.0,0.0,1.0,3.0,0,0,0,1,0,0,0,1,0,1,0,0,0,1,0,0,1,0,0,0,0,1,0,0,0,0,1,0,0,0
6599,5036879.0,0.0,0.0,1.0,25.65,-17594.0,-1315.0,1.0,0,1,0,3,-13.0,No,0,0.0,1.0,0.0,1.0,0.0,0.0,48.0,0.0,0.0,0.0,0.0,1.0,3.0,0,0,0,1,0,0,0,1,0,1,0,0,0,1,0,0,1,0,0,0,0,1,0,0,0,0,1,0,0,0
6600,5145841.0,0.0,0.0,1.0,25.65,-17594.0,-1315.0,1.0,0,1,0,3,-28.0,No,0,0.0,1.0,0.0,1.0,0.0,0.0,48.0,0.0,0.0,0.0,0.0,1.0,3.0,0,0,0,1,0,0,0,1,0,1,0,0,0,1,0,0,1,0,0,0,0,1,0,0,0,0,1,0,0,0
6601,5145842.0,0.0,0.0,1.0,25.65,-17594.0,-1315.0,1.0,0,1,0,3,-28.0,No,0,0.0,1.0,0.0,1.0,0.0,0.0,48.0,0.0,0.0,0.0,0.0,1.0,3.0,0,0,0,1,0,0,0,1,0,1,0,0,0,1,0,0,1,0,0,0,0,1,0,0,0,0,1,0,0,0
6602,5145843.0,0.0,0.0,1.0,25.65,-17594.0,-1315.0,1.0,0,1,0,3,-32.0,No,0,0.0,1.0,0.0,1.0,0.0,0.0,48.0,0.0,0.0,0.0,0.0,1.0,3.0,0,0,0,1,0,0,0,1,0,1,0,0,0,1,0,0,1,0,0,0,0,1,0,0,0,0,1,0,0,0
6603,5145844.0,0.0,0.0,1.0,25.65,-17594.0,-1315.0,1.0,0,1,0,3,-24.0,No,0,0.0,1.0,0.0,1.0,0.0,0.0,48.0,0.0,0.0,0.0,0.0,1.0,3.0,0,0,0,1,0,0,0,1,0,1,0,0,0,1,0,0,1,0,0,0,0,1,0,0,0,0,1,0,0,0
6604,5145845.0,0.0,0.0,1.0,25.65,-17594.0,-1315.0,1.0,0,1,0,3,-28.0,No,0,0.0,1.0,0.0,1.0,0.0,0.0,48.0,0.0,0.0,0.0,0.0,1.0,3.0,0,0,0,1,0,0,0,1,0,1,0,0,0,1,0,0,1,0,0,0,0,1,0,0,0,0,1,0,0,0
6605,5145847.0,0.0,0.0,1.0,25.65,-17594.0,-1315.0,1.0,0,1,0,3,-5.0,No,0,0.0,1.0,0.0,1.0,0.0,0.0,48.0,0.0,0.0,0.0,0.0,1.0,3.0,0,0,0,1,0,0,0,1,0,1,0,0,0,1,0,0,1,0,0,0,0,1,0,0,0,0,1,0,0,0
6752,5037005.0,1.0,0.0,1.0,13.5,-13277.0,-2988.0,1.0,1,1,0,3,-2.0,No,0,0.0,1.0,0.0,0.0,1.0,0.0,36.0,0.0,0.0,1.0,0.0,0.0,8.0,0,0,0,1,0,0,0,1,0,1,0,0,0,1,0,0,1,0,0,0,0,1,0,0,0,0,1,0,0,0
6879,5037107.0,0.0,0.0,0.0,40.5,-17754.0,-2593.0,1.0,1,0,0,3,-38.0,No,0,0.0,1.0,0.0,1.0,0.0,0.0,48.0,0.0,0.0,0.0,0.0,1.0,7.0,0,0,0,1,0,0,0,1,0,0,1,0,0,1,0,0,0,0,0,0,1,1,0,0,0,0,1,0,0,0
6880,5145911.0,0.0,0.0,0.0,40.5,-17754.0,-2593.0,1.0,1,0,0,3,-38.0,No,0,0.0,1.0,0.0,1.0,0.0,0.0,48.0,0.0,0.0,0.0,0.0,1.0,7.0,0,0,0,1,0,0,0,1,0,0,1,0,0,1,0,0,0,0,0,0,1,1,0,0,0,0,1,0,0,0
6881,5145912.0,0.0,0.0,0.0,40.5,-17754.0,-2593.0,1.0,1,0,0,3,-37.0,No,0,0.0,1.0,0.0,1.0,0.0,0.0,48.0,0.0,0.0,0.0,0.0,1.0,7.0,0,0,0,1,0,0,0,1,0,0,1,0,0,1,0,0,0,0,0,0,1,1,0,0,0,0,1,0,0,0
7029,5037259.0,0.0,0.0,1.0,13.5,-11416.0,-420.0,1.0,0,0,0,3,-14.0,No,0,0.0,1.0,0.0,0.0,1.0,0.0,31.0,0.0,0.0,1.0,0.0,0.0,1.0,0,0,0,1,0,0,0,1,1,0,0,0,0,1,0,0,1,0,0,0,0,1,0,0,0,0,1,0,0,0
7048,5037298.0,0.0,0.0,1.0,18.0,-10340.0,-2448.0,1.0,1,0,0,3,-34.0,No,0,0.0,1.0,0.0,0.0,0.0,1.0,28.0,0.0,0.0,0.0,1.0,0.0,6.0,0,0,0,1,0,0,0,1,0,0,1,0,0,1,0,0,1,0,0,0,0,1,0,0,0,0,1,0,0,0
7518,5041506.0,1.0,0.0,1.0,29.25,-12954.0,-2590.0,1.0,0,0,0,3,-16.0,No,0,0.0,1.0,0.0,1.0,0.0,0.0,35.0,0.0,0.0,1.0,0.0,0.0,7.0,0,0,0,1,0,0,0,1,0,0,1,0,0,1,0,1,0,0,0,0,0,1,0,0,0,0,1,0,0,0
7519,5041508.0,1.0,0.0,1.0,29.25,-12954.0,-2590.0,1.0,0,0,0,3,-46.0,No,0,0.0,1.0,0.0,1.0,0.0,0.0,35.0,0.0,0.0,1.0,0.0,0.0,7.0,0,0,0,1,0,0,0,1,0,0,1,0,0,1,0,1,0,0,0,0,0,1,0,0,0,0,1,0,0,0
7520,5041509.0,1.0,0.0,1.0,29.25,-12954.0,-2590.0,1.0,0,0,0,3,-46.0,No,0,0.0,1.0,0.0,1.0,0.0,0.0,35.0,0.0,0.0,1.0,0.0,0.0,7.0,0,0,0,1,0,0,0,1,0,0,1,0,0,1,0,1,0,0,0,0,0,1,0,0,0,0,1,0,0,0
7521,5041510.0,1.0,0.0,1.0,29.25,-12954.0,-2590.0,1.0,0,0,0,3,-46.0,No,0,0.0,1.0,0.0,1.0,0.0,0.0,35.0,0.0,0.0,1.0,0.0,0.0,7.0,0,0,0,1,0,0,0,1,0,0,1,0,0,1,0,1,0,0,0,0,0,1,0,0,0,0,1,0,0,0
7522,5041511.0,1.0,0.0,1.0,29.25,-12954.0,-2590.0,1.0,0,0,0,3,-44.0,No,0,0.0,1.0,0.0,1.0,0.0,0.0,35.0,0.0,0.0,1.0,0.0,0.0,7.0,0,0,0,1,0,0,0,1,0,0,1,0,0,1,0,1,0,0,0,0,0,1,0,0,0,0,1,0,0,0
8065,5042327.0,0.0,0.0,1.0,9.0,-10520.0,-2378.0,1.0,0,0,0,3,-55.0,No,0,0.0,1.0,0.0,0.0,1.0,0.0,28.0,0.0,0.0,0.0,1.0,0.0,6.0,0,0,0,1,0,0,0,1,0,0,1,1,0,0,0,0,1,0,0,0,0,1,0,0,0,0,1,0,0,0
8066,5042328.0,0.0,0.0,1.0,9.0,-10520.0,-2378.0,1.0,0,0,0,3,-55.0,No,0,0.0,1.0,0.0,0.0,1.0,0.0,28.0,0.0,0.0,0.0,1.0,0.0,6.0,0,0,0,1,0,0,0,1,0,0,1,1,0,0,0,0,1,0,0,0,0,1,0,0,0,0,1,0,0,0
8067,5042329.0,0.0,0.0,1.0,9.0,-10520.0,-2378.0,1.0,0,0,0,3,-14.0,No,0,0.0,1.0,0.0,0.0,1.0,0.0,28.0,0.0,0.0,0.0,1.0,0.0,6.0,0,0,0,1,0,0,0,1,0,0,1,1,0,0,0,0,1,0,0,0,0,1,0,0,0,0,1,0,0,0
8068,5042330.0,0.0,0.0,1.0,9.0,-10520.0,-2378.0,1.0,0,0,0,3,-19.0,No,0,0.0,1.0,0.0,0.0,1.0,0.0,28.0,0.0,0.0,0.0,1.0,0.0,6.0,0,0,0,1,0,0,0,1,0,0,1,1,0,0,0,0,1,0,0,0,0,1,0,0,0,0,1,0,0,0
8069,5042331.0,0.0,0.0,1.0,9.0,-10520.0,-2378.0,1.0,0,0,0,3,-13.0,No,0,0.0,1.0,0.0,0.0,1.0,0.0,28.0,0.0,0.0,0.0,1.0,0.0,6.0,0,0,0,1,0,0,0,1,0,0,1,1,0,0,0,0,1,0,0,0,0,1,0,0,0,0,1,0,0,0
8070,5042332.0,0.0,0.0,1.0,9.0,-10520.0,-2378.0,1.0,0,0,0,3,-55.0,No,0,0.0,1.0,0.0,0.0,1.0,0.0,28.0,0.0,0.0,0.0,1.0,0.0,6.0,0,0,0,1,0,0,0,1,0,0,1,1,0,0,0,0,1,0,0,0,0,1,0,0,0,0,1,0,0,0
8071,5042333.0,0.0,0.0,1.0,9.0,-10520.0,-2378.0,1.0,0,0,0,3,-40.0,No,0,0.0,1.0,0.0,0.0,1.0,0.0,28.0,0.0,0.0,0.0,1.0,0.0,6.0,0,0,0,1,0,0,0,1,0,0,1,1,0,0,0,0,1,0,0,0,0,1,0,0,0,0,1,0,0,0
8072,5042334.0,0.0,0.0,1.0,9.0,-10520.0,-2378.0,1.0,0,0,0,3,-38.0,No,0,0.0,1.0,0.0,0.0,1.0,0.0,28.0,0.0,0.0,0.0,1.0,0.0,6.0,0,0,0,1,0,0,0,1,0,0,1,1,0,0,0,0,1,0,0,0,0,1,0,0,0,0,1,0,0,0
8073,5042335.0,0.0,0.0,1.0,9.0,-10520.0,-2378.0,1.0,0,0,0,3,-24.0,No,0,0.0,1.0,0.0,0.0,1.0,0.0,28.0,0.0,0.0,0.0,1.0,0.0,6.0,0,0,0,1,0,0,0,1,0,0,1,1,0,0,0,0,1,0,0,0,0,1,0,0,0,0,1,0,0,0
8074,5042336.0,0.0,0.0,1.0,9.0,-10520.0,-2378.0,1.0,0,0,0,3,-24.0,No,0,0.0,1.0,0.0,0.0,1.0,0.0,28.0,0.0,0.0,0.0,1.0,0.0,6.0,0,0,0,1,0,0,0,1,0,0,1,1,0,0,0,0,1,0,0,0,0,1,0,0,0,0,1,0,0,0
8075,5097164.0,0.0,0.0,1.0,9.0,-10520.0,-2378.0,1.0,0,0,0,3,-51.0,No,0,0.0,1.0,0.0,0.0,1.0,0.0,28.0,0.0,0.0,0.0,1.0,0.0,6.0,0,0,0,1,0,0,0,1,0,0,1,1,0,0,0,0,1,0,0,0,0,1,0,0,0,0,1,0,0,0
8350,5045306.0,1.0,0.0,1.0,20.25,-16728.0,-7069.0,1.0,0,1,0,3,-38.0,No,0,0.0,1.0,0.0,0.0,0.0,1.0,45.0,0.0,0.0,0.0,0.0,1.0,19.0,0,0,0,0,1,0,0,1,0,0,1,0,0,1,0,0,1,0,0,0,0,1,0,0,0,0,1,0,0,0
8439,5045493.0,0.0,0.0,1.0,7.2,-12522.0,-382.0,1.0,0,0,0,3,-8.0,No,0,0.0,1.0,0.0,0.0,1.0,0.0,34.0,0.0,0.0,1.0,0.0,0.0,1.0,0,0,0,1,0,0,0,1,0,0,1,0,0,1,0,0,1,0,0,0,0,1,0,0,0,0,1,0,0,0
8557,5045681.0,0.0,0.0,1.0,27.0,-13749.0,-2877.0,1.0,1,1,0,3,-10.0,No,0,0.0,1.0,0.0,1.0,0.0,0.0,37.0,0.0,0.0,1.0,0.0,0.0,7.0,0,0,0,1,0,0,0,1,0,0,1,0,0,1,0,0,1,0,0,0,0,1,0,0,0,0,1,0,0,0
8558,5045682.0,0.0,0.0,1.0,27.0,-13749.0,-2877.0,1.0,1,1,0,3,-23.0,No,0,0.0,1.0,0.0,1.0,0.0,0.0,37.0,0.0,0.0,1.0,0.0,0.0,7.0,0,0,0,1,0,0,0,1,0,0,1,0,0,1,0,0,1,0,0,0,0,1,0,0,0,0,1,0,0,0
8559,5045683.0,0.0,0.0,1.0,27.0,-13749.0,-2877.0,1.0,1,1,0,3,-47.0,No,0,0.0,1.0,0.0,1.0,0.0,0.0,37.0,0.0,0.0,1.0,0.0,0.0,7.0,0,0,0,1,0,0,0,1,0,0,1,0,0,1,0,0,1,0,0,0,0,1,0,0,0,0,1,0,0,0
8560,5045684.0,0.0,0.0,1.0,27.0,-13749.0,-2877.0,1.0,1,1,0,3,-11.0,No,0,0.0,1.0,0.0,1.0,0.0,0.0,37.0,0.0,0.0,1.0,0.0,0.0,7.0,0,0,0,1,0,0,0,1,0,0,1,0,0,1,0,0,1,0,0,0,0,1,0,0,0,0,1,0,0,0
8561,5045685.0,0.0,0.0,1.0,27.0,-13749.0,-2877.0,1.0,1,1,0,3,-4.0,No,0,0.0,1.0,0.0,1.0,0.0,0.0,37.0,0.0,0.0,1.0,0.0,0.0,7.0,0,0,0,1,0,0,0,1,0,0,1,0,0,1,0,0,1,0,0,0,0,1,0,0,0,0,1,0,0,0
8616,5045772.0,1.0,0.0,1.0,18.0,-9441.0,-1235.0,1.0,0,0,0,3,-43.0,No,0,0.0,1.0,0.0,0.0,0.0,1.0,25.0,0.0,0.0,0.0,1.0,0.0,3.0,0,0,0,1,0,0,0,1,0,0,1,0,0,1,0,0,1,0,0,0,0,1,0,0,0,0,1,0,0,0
8617,5045773.0,1.0,0.0,1.0,18.0,-9441.0,-1235.0,1.0,0,0,0,3,-37.0,No,0,0.0,1.0,0.0,0.0,0.0,1.0,25.0,0.0,0.0,0.0,1.0,0.0,3.0,0,0,0,1,0,0,0,1,0,0,1,0,0,1,0,0,1,0,0,0,0,1,0,0,0,0,1,0,0,0
8618,5045774.0,1.0,0.0,1.0,18.0,-9441.0,-1235.0,1.0,0,0,0,3,-53.0,No,0,0.0,1.0,0.0,0.0,0.0,1.0,25.0,0.0,0.0,0.0,1.0,0.0,3.0,0,0,0,1,0,0,0,1,0,0,1,0,0,1,0,0,1,0,0,0,0,1,0,0,0,0,1,0,0,0
8619,5045775.0,1.0,0.0,1.0,18.0,-9441.0,-1235.0,1.0,0,0,0,3,-6.0,No,0,0.0,1.0,0.0,0.0,0.0,1.0,25.0,0.0,0.0,0.0,1.0,0.0,3.0,0,0,0,1,0,0,0,1,0,0,1,0,0,1,0,0,1,0,0,0,0,1,0,0,0,0,1,0,0,0
8620,5045776.0,1.0,0.0,1.0,18.0,-9441.0,-1235.0,1.0,0,0,0,3,-26.0,No,0,0.0,1.0,0.0,0.0,0.0,1.0,25.0,0.0,0.0,0.0,1.0,0.0,3.0,0,0,0,1,0,0,0,1,0,0,1,0,0,1,0,0,1,0,0,0,0,1,0,0,0,0,1,0,0,0
8621,5045777.0,1.0,0.0,1.0,18.0,-9441.0,-1235.0,1.0,0,0,0,3,-18.0,No,0,0.0,1.0,0.0,0.0,0.0,1.0,25.0,0.0,0.0,0.0,1.0,0.0,3.0,0,0,0,1,0,0,0,1,0,0,1,0,0,1,0,0,1,0,0,0,0,1,0,0,0,0,1,0,0,0
8622,5045778.0,1.0,0.0,1.0,18.0,-9441.0,-1235.0,1.0,0,0,0,3,-13.0,No,0,0.0,1.0,0.0,0.0,0.0,1.0,25.0,0.0,0.0,0.0,1.0,0.0,3.0,0,0,0,1,0,0,0,1,0,0,1,0,0,1,0,0,1,0,0,0,0,1,0,0,0,0,1,0,0,0
8868,5046236.0,0.0,0.0,1.0,18.0,-19240.0,-3457.0,1.0,0,0,0,3,-49.0,No,0,0.0,1.0,0.0,0.0,0.0,1.0,52.0,1.0,0.0,0.0,0.0,0.0,9.0,0,0,1,0,0,0,0,1,0,0,1,0,0,1,0,0,1,0,0,0,0,1,0,0,0,0,1,0,0,0
8869,5046237.0,0.0,0.0,1.0,18.0,-19240.0,-3457.0,1.0,0,0,0,3,-58.0,No,0,0.0,1.0,0.0,0.0,0.0,1.0,52.0,1.0,0.0,0.0,0.0,0.0,9.0,0,0,1,0,0,0,0,1,0,0,1,0,0,1,0,0,1,0,0,0,0,1,0,0,0,0,1,0,0,0
8964,5046432.0,0.0,0.0,1.0,15.75,-14110.0,-4979.0,1.0,0,1,0,3,0.0,No,0,0.0,1.0,0.0,0.0,0.0,1.0,38.0,0.0,0.0,1.0,0.0,0.0,13.0,0,0,1,0,0,0,0,1,1,0,0,1,0,0,0,0,1,0,0,0,0,1,0,0,0,0,1,0,0,0
8965,5046433.0,0.0,0.0,1.0,15.75,-14110.0,-4979.0,1.0,0,1,0,3,-17.0,No,0,0.0,1.0,0.0,0.0,0.0,1.0,38.0,0.0,0.0,1.0,0.0,0.0,13.0,0,0,1,0,0,0,0,1,1,0,0,1,0,0,0,0,1,0,0,0,0,1,0,0,0,0,1,0,0,0
8966,5046434.0,0.0,0.0,1.0,15.75,-14110.0,-4979.0,1.0,0,1,0,3,-26.0,No,0,0.0,1.0,0.0,0.0,0.0,1.0,38.0,0.0,0.0,1.0,0.0,0.0,13.0,0,0,1,0,0,0,0,1,1,0,0,1,0,0,0,0,1,0,0,0,0,1,0,0,0,0,1,0,0,0
8992,5046483.0,0.0,0.0,1.0,6.75,-11140.0,-991.0,1.0,0,0,0,3,-10.0,No,0,0.0,1.0,0.0,0.0,1.0,0.0,30.0,0.0,0.0,1.0,0.0,0.0,2.0,0,0,0,1,0,0,0,1,0,0,1,0,0,1,0,0,1,0,0,0,0,1,0,0,0,0,1,0,0,0
8993,5046484.0,0.0,0.0,1.0,6.75,-11140.0,-991.0,1.0,0,0,0,3,-10.0,No,0,0.0,1.0,0.0,0.0,1.0,0.0,30.0,0.0,0.0,1.0,0.0,0.0,2.0,0,0,0,1,0,0,0,1,0,0,1,0,0,1,0,0,1,0,0,0,0,1,0,0,0,0,1,0,0,0
8994,5046485.0,0.0,0.0,1.0,6.75,-11140.0,-991.0,1.0,0,0,0,3,-20.0,No,0,0.0,1.0,0.0,0.0,1.0,0.0,30.0,0.0,0.0,1.0,0.0,0.0,2.0,0,0,0,1,0,0,0,1,0,0,1,0,0,1,0,0,1,0,0,0,0,1,0,0,0,0,1,0,0,0
8995,5046486.0,0.0,0.0,1.0,6.75,-11140.0,-991.0,1.0,0,0,0,3,-9.0,No,0,0.0,1.0,0.0,0.0,1.0,0.0,30.0,0.0,0.0,1.0,0.0,0.0,2.0,0,0,0,1,0,0,0,1,0,0,1,0,0,1,0,0,1,0,0,0,0,1,0,0,0,0,1,0,0,0
9047,5046564.0,1.0,0.0,0.0,33.75,-17593.0,-2370.0,1.0,0,0,1,3,-54.0,No,0,0.0,1.0,0.0,1.0,0.0,0.0,48.0,0.0,0.0,0.0,0.0,1.0,6.0,0,0,0,1,0,0,0,1,1,0,0,0,0,1,0,0,1,0,0,0,0,1,0,0,0,0,1,0,0,0
9048,5046566.0,1.0,0.0,0.0,33.75,-17593.0,-2370.0,1.0,0,0,1,3,-28.0,No,0,0.0,1.0,0.0,1.0,0.0,0.0,48.0,0.0,0.0,0.0,0.0,1.0,6.0,0,0,0,1,0,0,0,1,1,0,0,0,0,1,0,0,1,0,0,0,0,1,0,0,0,0,1,0,0,0
9338,5048108.0,1.0,0.0,0.0,22.5,-10565.0,-2348.0,1.0,0,0,0,3,-47.0,No,0,0.0,1.0,0.0,1.0,0.0,0.0,28.0,0.0,0.0,0.0,1.0,0.0,6.0,0,0,0,1,0,0,0,1,1,0,0,1,0,0,0,0,1,0,0,0,0,1,0,0,0,0,1,0,0,0
9339,5048109.0,1.0,0.0,0.0,22.5,-10565.0,-2348.0,1.0,0,0,0,3,-47.0,No,0,0.0,1.0,0.0,1.0,0.0,0.0,28.0,0.0,0.0,0.0,1.0,0.0,6.0,0,0,0,1,0,0,0,1,1,0,0,1,0,0,0,0,1,0,0,0,0,1,0,0,0,0,1,0,0,0
9340,5048110.0,1.0,0.0,0.0,22.5,-10565.0,-2348.0,1.0,0,0,0,3,-17.0,No,0,0.0,1.0,0.0,1.0,0.0,0.0,28.0,0.0,0.0,0.0,1.0,0.0,6.0,0,0,0,1,0,0,0,1,1,0,0,1,0,0,0,0,1,0,0,0,0,1,0,0,0,0,1,0,0,0
9341,5048111.0,1.0,0.0,0.0,22.5,-10565.0,-2348.0,1.0,0,0,0,3,-7.0,No,0,0.0,1.0,0.0,1.0,0.0,0.0,28.0,0.0,0.0,0.0,1.0,0.0,6.0,0,0,0,1,0,0,0,1,1,0,0,1,0,0,0,0,1,0,0,0,0,1,0,0,0,0,1,0,0,0
10179,5052673.0,0.0,0.0,1.0,13.5,-15624.0,-8172.0,1.0,1,1,0,3,-50.0,No,0,0.0,1.0,0.0,0.0,1.0,0.0,42.0,0.0,0.0,0.0,0.0,1.0,22.0,0,0,0,0,1,0,0,1,0,0,1,0,0,1,0,0,1,0,0,0,0,1,0,0,0,0,1,0,0,0
10180,5052678.0,0.0,0.0,1.0,13.5,-15624.0,-8172.0,1.0,1,1,0,3,-27.0,No,0,0.0,1.0,0.0,0.0,1.0,0.0,42.0,0.0,0.0,0.0,0.0,1.0,22.0,0,0,0,0,1,0,0,1,0,0,1,0,0,1,0,0,1,0,0,0,0,1,0,0,0,0,1,0,0,0
10181,5052679.0,0.0,0.0,1.0,13.5,-15624.0,-8172.0,1.0,1,1,0,3,-26.0,No,0,0.0,1.0,0.0,0.0,1.0,0.0,42.0,0.0,0.0,0.0,0.0,1.0,22.0,0,0,0,0,1,0,0,1,0,0,1,0,0,1,0,0,1,0,0,0,0,1,0,0,0,0,1,0,0,0
10364,5052969.0,0.0,0.0,1.0,15.75,-15218.0,-2150.0,1.0,0,0,0,3,-6.0,No,0,0.0,1.0,0.0,0.0,0.0,1.0,41.0,0.0,0.0,0.0,0.0,1.0,5.0,0,0,0,1,0,0,0,1,1,0,0,0,0,1,0,0,1,0,0,0,0,1,0,0,0,1,0,0,0,0
10848,5053772.0,0.0,0.0,1.0,13.5,-13438.0,-3679.0,1.0,0,0,0,3,-59.0,No,0,0.0,1.0,0.0,0.0,1.0,0.0,36.0,0.0,0.0,1.0,0.0,0.0,10.0,0,0,1,0,0,0,0,1,0,0,1,0,1,0,0,0,1,0,0,0,0,1,0,0,0,0,1,0,0,0
10849,5053779.0,0.0,0.0,1.0,13.5,-13438.0,-3679.0,1.0,0,0,0,3,-2.0,No,0,0.0,1.0,0.0,0.0,1.0,0.0,36.0,0.0,0.0,1.0,0.0,0.0,10.0,0,0,1,0,0,0,0,1,0,0,1,0,1,0,0,0,1,0,0,0,0,1,0,0,0,0,1,0,0,0
11484,5054732.0,0.0,0.0,0.0,15.75,-11042.0,-1581.0,1.0,0,0,0,3,-54.0,No,0,0.0,1.0,0.0,0.0,0.0,1.0,30.0,0.0,0.0,1.0,0.0,0.0,4.0,0,0,0,1,0,0,0,1,1,0,0,0,0,1,0,0,1,0,0,0,0,1,0,0,0,0,1,0,0,0
11485,5054733.0,0.0,0.0,0.0,15.75,-11042.0,-1581.0,1.0,0,0,0,3,-42.0,No,0,0.0,1.0,0.0,0.0,0.0,1.0,30.0,0.0,0.0,1.0,0.0,0.0,4.0,0,0,0,1,0,0,0,1,1,0,0,0,0,1,0,0,1,0,0,0,0,1,0,0,0,0,1,0,0,0
11542,5056021.0,0.0,0.0,1.0,9.0,-13546.0,-3373.0,1.0,0,0,0,3,-19.0,No,0,0.0,1.0,0.0,0.0,1.0,0.0,37.0,0.0,0.0,1.0,0.0,0.0,9.0,0,0,1,0,0,0,0,1,0,0,1,1,0,0,0,0,1,0,0,0,0,1,0,0,0,0,1,0,0,0
11578,5056082.0,0.0,0.0,0.0,18.0,-11630.0,-3769.0,1.0,0,0,0,3,-51.0,Yes,1,0.0,1.0,0.0,0.0,0.0,1.0,31.0,0.0,0.0,1.0,0.0,0.0,10.0,0,0,1,0,0,0,0,1,0,0,1,1,0,0,0,0,1,0,0,0,0,1,0,0,0,0,1,0,0,0
11748,5058373.0,0.0,0.0,1.0,22.5,-11549.0,-1086.0,1.0,0,0,0,3,-19.0,No,0,0.0,1.0,0.0,1.0,0.0,0.0,31.0,0.0,0.0,1.0,0.0,0.0,2.0,0,0,0,1,0,0,0,1,0,0,1,1,0,0,0,0,1,0,0,0,0,1,0,0,0,0,1,0,0,0
11749,5058374.0,0.0,0.0,1.0,22.5,-11549.0,-1086.0,1.0,0,0,0,3,-29.0,No,0,0.0,1.0,0.0,1.0,0.0,0.0,31.0,0.0,0.0,1.0,0.0,0.0,2.0,0,0,0,1,0,0,0,1,0,0,1,1,0,0,0,0,1,0,0,0,0,1,0,0,0,0,1,0,0,0
11750,5058375.0,0.0,0.0,1.0,22.5,-11549.0,-1086.0,1.0,0,0,0,3,-36.0,No,0,0.0,1.0,0.0,1.0,0.0,0.0,31.0,0.0,0.0,1.0,0.0,0.0,2.0,0,0,0,1,0,0,0,1,0,0,1,1,0,0,0,0,1,0,0,0,0,1,0,0,0,0,1,0,0,0
11751,5058376.0,0.0,0.0,1.0,22.5,-11549.0,-1086.0,1.0,0,0,0,3,-9.0,No,0,0.0,1.0,0.0,1.0,0.0,0.0,31.0,0.0,0.0,1.0,0.0,0.0,2.0,0,0,0,1,0,0,0,1,0,0,1,1,0,0,0,0,1,0,0,0,0,1,0,0,0,0,1,0,0,0
11752,5058377.0,0.0,0.0,1.0,22.5,-11549.0,-1086.0,1.0,0,0,0,3,-7.0,No,0,0.0,1.0,0.0,1.0,0.0,0.0,31.0,0.0,0.0,1.0,0.0,0.0,2.0,0,0,0,1,0,0,0,1,0,0,1,1,0,0,0,0,1,0,0,0,0,1,0,0,0,0,1,0,0,0
11881,5061120.0,0.0,0.0,1.0,32.4,-13482.0,-4795.0,1.0,0,0,0,3,-42.0,No,0,0.0,1.0,0.0,1.0,0.0,0.0,36.0,0.0,0.0,1.0,0.0,0.0,13.0,0,0,1,0,0,0,0,1,0,1,0,0,0,1,0,0,1,0,0,0,0,1,0,0,0,0,1,0,0,0
11882,5061121.0,0.0,0.0,1.0,32.4,-13482.0,-4795.0,1.0,0,0,0,3,-42.0,No,0,0.0,1.0,0.0,1.0,0.0,0.0,36.0,0.0,0.0,1.0,0.0,0.0,13.0,0,0,1,0,0,0,0,1,0,1,0,0,0,1,0,0,1,0,0,0,0,1,0,0,0,0,1,0,0,0
11883,5061122.0,0.0,0.0,1.0,32.4,-13482.0,-4795.0,1.0,0,0,0,3,-42.0,No,0,0.0,1.0,0.0,1.0,0.0,0.0,36.0,0.0,0.0,1.0,0.0,0.0,13.0,0,0,1,0,0,0,0,1,0,1,0,0,0,1,0,0,1,0,0,0,0,1,0,0,0,0,1,0,0,0
11884,5061123.0,0.0,0.0,1.0,32.4,-13482.0,-4795.0,1.0,0,0,0,3,-60.0,No,0,0.0,1.0,0.0,1.0,0.0,0.0,36.0,0.0,0.0,1.0,0.0,0.0,13.0,0,0,1,0,0,0,0,1,0,1,0,0,0,1,0,0,1,0,0,0,0,1,0,0,0,0,1,0,0,0
11885,5061126.0,0.0,0.0,1.0,32.4,-13482.0,-4795.0,1.0,0,0,0,3,-48.0,No,0,0.0,1.0,0.0,1.0,0.0,0.0,36.0,0.0,0.0,1.0,0.0,0.0,13.0,0,0,1,0,0,0,0,1,0,1,0,0,0,1,0,0,1,0,0,0,0,1,0,0,0,0,1,0,0,0
11886,5061128.0,0.0,0.0,1.0,32.4,-13482.0,-4795.0,1.0,0,0,0,3,-6.0,No,0,0.0,1.0,0.0,1.0,0.0,0.0,36.0,0.0,0.0,1.0,0.0,0.0,13.0,0,0,1,0,0,0,0,1,0,1,0,0,0,1,0,0,1,0,0,0,0,1,0,0,0,0,1,0,0,0
11887,5061129.0,0.0,0.0,1.0,32.4,-13482.0,-4795.0,1.0,0,0,0,3,-3.0,No,0,0.0,1.0,0.0,1.0,0.0,0.0,36.0,0.0,0.0,1.0,0.0,0.0,13.0,0,0,1,0,0,0,0,1,0,1,0,0,0,1,0,0,1,0,0,0,0,1,0,0,0,0,1,0,0,0
11888,5061130.0,0.0,0.0,1.0,32.4,-13482.0,-4795.0,1.0,0,0,0,3,-37.0,Yes,1,0.0,1.0,0.0,1.0,0.0,0.0,36.0,0.0,0.0,1.0,0.0,0.0,13.0,0,0,1,0,0,0,0,1,0,1,0,0,0,1,0,0,1,0,0,0,0,1,0,0,0,0,1,0,0,0
11889,5061131.0,0.0,0.0,1.0,32.4,-13482.0,-4795.0,1.0,0,0,0,3,-56.0,No,0,0.0,1.0,0.0,1.0,0.0,0.0,36.0,0.0,0.0,1.0,0.0,0.0,13.0,0,0,1,0,0,0,0,1,0,1,0,0,0,1,0,0,1,0,0,0,0,1,0,0,0,0,1,0,0,0
11922,5061187.0,0.0,0.0,1.0,18.0,-10969.0,-3485.0,1.0,0,0,1,3,-5.0,No,0,0.0,1.0,0.0,0.0,0.0,1.0,30.0,0.0,0.0,1.0,0.0,0.0,9.0,0,0,1,0,0,0,0,1,0,1,0,0,0,1,0,0,1,0,0,0,0,1,0,0,0,0,1,0,0,0
11923,5061188.0,0.0,0.0,1.0,18.0,-10969.0,-3485.0,1.0,0,0,1,3,-5.0,No,0,0.0,1.0,0.0,0.0,0.0,1.0,30.0,0.0,0.0,1.0,0.0,0.0,9.0,0,0,1,0,0,0,0,1,0,1,0,0,0,1,0,0,1,0,0,0,0,1,0,0,0,0,1,0,0,0
11924,5061189.0,0.0,0.0,1.0,18.0,-10969.0,-3485.0,1.0,0,0,1,3,-10.0,No,0,0.0,1.0,0.0,0.0,0.0,1.0,30.0,0.0,0.0,1.0,0.0,0.0,9.0,0,0,1,0,0,0,0,1,0,1,0,0,0,1,0,0,1,0,0,0,0,1,0,0,0,0,1,0,0,0
11925,5061190.0,0.0,0.0,1.0,18.0,-10969.0,-3485.0,1.0,0,0,1,3,-45.0,No,0,0.0,1.0,0.0,0.0,0.0,1.0,30.0,0.0,0.0,1.0,0.0,0.0,9.0,0,0,1,0,0,0,0,1,0,1,0,0,0,1,0,0,1,0,0,0,0,1,0,0,0,0,1,0,0,0
11926,5061191.0,0.0,0.0,1.0,18.0,-10969.0,-3485.0,1.0,0,0,1,3,-57.0,No,0,0.0,1.0,0.0,0.0,0.0,1.0,30.0,0.0,0.0,1.0,0.0,0.0,9.0,0,0,1,0,0,0,0,1,0,1,0,0,0,1,0,0,1,0,0,0,0,1,0,0,0,0,1,0,0,0
11927,5061192.0,0.0,0.0,1.0,18.0,-10969.0,-3485.0,1.0,0,0,1,3,-45.0,No,0,0.0,1.0,0.0,0.0,0.0,1.0,30.0,0.0,0.0,1.0,0.0,0.0,9.0,0,0,1,0,0,0,0,1,0,1,0,0,0,1,0,0,1,0,0,0,0,1,0,0,0,0,1,0,0,0
12079,5061438.0,0.0,0.0,1.0,11.25,-21271.0,-14473.0,1.0,0,0,1,3,-43.0,No,0,0.0,1.0,0.0,0.0,1.0,0.0,58.0,1.0,0.0,0.0,0.0,0.0,39.0,0,1,0,0,0,0,0,1,0,0,1,0,0,1,0,0,1,0,0,0,0,1,0,0,0,0,1,0,0,0
12080,5061439.0,0.0,0.0,1.0,11.25,-21271.0,-14473.0,1.0,0,0,1,3,-46.0,No,0,0.0,1.0,0.0,0.0,1.0,0.0,58.0,1.0,0.0,0.0,0.0,0.0,39.0,0,1,0,0,0,0,0,1,0,0,1,0,0,1,0,0,1,0,0,0,0,1,0,0,0,0,1,0,0,0
12081,5061440.0,0.0,0.0,1.0,11.25,-21271.0,-14473.0,1.0,0,0,1,3,-48.0,No,0,0.0,1.0,0.0,0.0,1.0,0.0,58.0,1.0,0.0,0.0,0.0,0.0,39.0,0,1,0,0,0,0,0,1,0,0,1,0,0,1,0,0,1,0,0,0,0,1,0,0,0,0,1,0,0,0
12082,5061441.0,0.0,0.0,1.0,11.25,-21271.0,-14473.0,1.0,0,0,1,3,-12.0,No,0,0.0,1.0,0.0,0.0,1.0,0.0,58.0,1.0,0.0,0.0,0.0,0.0,39.0,0,1,0,0,0,0,0,1,0,0,1,0,0,1,0,0,1,0,0,0,0,1,0,0,0,0,1,0,0,0
12083,5061442.0,0.0,0.0,1.0,11.25,-21271.0,-14473.0,1.0,0,0,1,3,-22.0,No,0,0.0,1.0,0.0,0.0,1.0,0.0,58.0,1.0,0.0,0.0,0.0,0.0,39.0,0,1,0,0,0,0,0,1,0,0,1,0,0,1,0,0,1,0,0,0,0,1,0,0,0,0,1,0,0,0
12084,5061443.0,0.0,0.0,1.0,11.25,-21271.0,-14473.0,1.0,0,0,1,3,-27.0,No,0,0.0,1.0,0.0,0.0,1.0,0.0,58.0,1.0,0.0,0.0,0.0,0.0,39.0,0,1,0,0,0,0,0,1,0,0,1,0,0,1,0,0,1,0,0,0,0,1,0,0,0,0,1,0,0,0
12098,5061469.0,0.0,0.0,1.0,11.25,-10831.0,-1263.0,1.0,0,0,0,3,-5.0,No,0,0.0,1.0,0.0,0.0,1.0,0.0,29.0,0.0,0.0,0.0,1.0,0.0,3.0,0,0,0,1,0,0,0,1,0,0,1,1,0,0,0,0,1,0,0,0,0,1,0,0,0,0,1,0,0,0
12099,5061470.0,0.0,0.0,1.0,11.25,-10831.0,-1263.0,1.0,0,0,0,3,-8.0,No,0,0.0,1.0,0.0,0.0,1.0,0.0,29.0,0.0,0.0,0.0,1.0,0.0,3.0,0,0,0,1,0,0,0,1,0,0,1,1,0,0,0,0,1,0,0,0,0,1,0,0,0,0,1,0,0,0
12100,5061471.0,0.0,0.0,1.0,11.25,-10831.0,-1263.0,1.0,0,0,0,3,-9.0,No,0,0.0,1.0,0.0,0.0,1.0,0.0,29.0,0.0,0.0,0.0,1.0,0.0,3.0,0,0,0,1,0,0,0,1,0,0,1,1,0,0,0,0,1,0,0,0,0,1,0,0,0,0,1,0,0,0
12101,5061472.0,0.0,0.0,1.0,11.25,-10831.0,-1263.0,1.0,0,0,0,3,-27.0,No,0,0.0,1.0,0.0,0.0,1.0,0.0,29.0,0.0,0.0,0.0,1.0,0.0,3.0,0,0,0,1,0,0,0,1,0,0,1,1,0,0,0,0,1,0,0,0,0,1,0,0,0,0,1,0,0,0
12109,5061481.0,0.0,0.0,1.0,22.5,-9615.0,-2266.0,1.0,0,0,1,3,-8.0,No,0,0.0,1.0,0.0,1.0,0.0,0.0,26.0,0.0,0.0,0.0,1.0,0.0,6.0,0,0,0,1,0,0,0,1,1,0,0,0,0,1,0,0,1,0,0,0,0,1,0,0,0,0,1,0,0,0
12110,5061482.0,0.0,0.0,1.0,22.5,-9615.0,-2266.0,1.0,0,0,1,3,-10.0,No,0,0.0,1.0,0.0,1.0,0.0,0.0,26.0,0.0,0.0,0.0,1.0,0.0,6.0,0,0,0,1,0,0,0,1,1,0,0,0,0,1,0,0,1,0,0,0,0,1,0,0,0,0,1,0,0,0
12111,5061483.0,0.0,0.0,1.0,22.5,-9615.0,-2266.0,1.0,0,0,1,3,-9.0,No,0,0.0,1.0,0.0,1.0,0.0,0.0,26.0,0.0,0.0,0.0,1.0,0.0,6.0,0,0,0,1,0,0,0,1,1,0,0,0,0,1,0,0,1,0,0,0,0,1,0,0,0,0,1,0,0,0
12201,5061688.0,0.0,0.0,1.0,6.75,-9122.0,-1567.0,1.0,0,0,1,3,-22.0,No,0,0.0,1.0,0.0,0.0,1.0,0.0,24.0,0.0,0.0,0.0,1.0,0.0,4.0,0,0,0,1,0,0,0,1,1,0,0,1,0,0,0,0,1,0,0,0,0,1,0,0,0,0,1,0,0,0
12202,5061689.0,0.0,0.0,1.0,6.75,-9122.0,-1567.0,1.0,0,0,1,3,-12.0,No,0,0.0,1.0,0.0,0.0,1.0,0.0,24.0,0.0,0.0,0.0,1.0,0.0,4.0,0,0,0,1,0,0,0,1,1,0,0,1,0,0,0,0,1,0,0,0,0,1,0,0,0,0,1,0,0,0
12203,5061690.0,0.0,0.0,1.0,6.75,-9122.0,-1567.0,1.0,0,0,1,3,-9.0,No,0,0.0,1.0,0.0,0.0,1.0,0.0,24.0,0.0,0.0,0.0,1.0,0.0,4.0,0,0,0,1,0,0,0,1,1,0,0,1,0,0,0,0,1,0,0,0,0,1,0,0,0,0,1,0,0,0
12204,5061692.0,0.0,0.0,1.0,6.75,-9122.0,-1567.0,1.0,0,0,1,3,-14.0,No,0,0.0,1.0,0.0,0.0,1.0,0.0,24.0,0.0,0.0,0.0,1.0,0.0,4.0,0,0,0,1,0,0,0,1,1,0,0,1,0,0,0,0,1,0,0,0,0,1,0,0,0,0,1,0,0,0
12280,5061851.0,0.0,0.0,1.0,13.5,-13202.0,-137.0,1.0,0,0,0,3,-22.0,No,0,0.0,1.0,0.0,0.0,1.0,0.0,36.0,0.0,0.0,1.0,0.0,0.0,0.0,0,0,0,1,0,0,0,1,1,0,0,0,1,0,0,0,1,0,0,0,0,1,0,0,0,0,1,0,0,0
13238,5066388.0,0.0,0.0,1.0,67.5,-15944.0,-1467.0,1.0,0,1,0,3,-38.0,No,0,0.0,1.0,0.0,1.0,0.0,0.0,43.0,0.0,0.0,0.0,0.0,1.0,4.0,0,0,0,1,0,0,0,1,1,0,0,0,1,0,0,0,1,0,0,0,0,1,0,0,0,0,1,0,0,0
13239,5066390.0,0.0,0.0,1.0,67.5,-15944.0,-1467.0,1.0,0,1,0,3,-21.0,No,0,0.0,1.0,0.0,1.0,0.0,0.0,43.0,0.0,0.0,0.0,0.0,1.0,4.0,0,0,0,1,0,0,0,1,1,0,0,0,1,0,0,0,1,0,0,0,0,1,0,0,0,0,1,0,0,0
13240,5066391.0,0.0,0.0,1.0,67.5,-15944.0,-1467.0,1.0,0,1,0,3,-32.0,No,0,0.0,1.0,0.0,1.0,0.0,0.0,43.0,0.0,0.0,0.0,0.0,1.0,4.0,0,0,0,1,0,0,0,1,1,0,0,0,1,0,0,0,1,0,0,0,0,1,0,0,0,0,1,0,0,0
13241,5066394.0,0.0,0.0,1.0,67.5,-15944.0,-1467.0,1.0,0,1,0,3,-60.0,No,0,0.0,1.0,0.0,1.0,0.0,0.0,43.0,0.0,0.0,0.0,0.0,1.0,4.0,0,0,0,1,0,0,0,1,1,0,0,0,1,0,0,0,1,0,0,0,0,1,0,0,0,0,1,0,0,0
13242,5066398.0,0.0,0.0,1.0,67.5,-15944.0,-1467.0,1.0,0,1,0,3,-51.0,No,0,0.0,1.0,0.0,1.0,0.0,0.0,43.0,0.0,0.0,0.0,0.0,1.0,4.0,0,0,0,1,0,0,0,1,1,0,0,0,1,0,0,0,1,0,0,0,0,1,0,0,0,0,1,0,0,0
13243,5066399.0,0.0,0.0,1.0,67.5,-15944.0,-1467.0,1.0,0,1,0,3,-50.0,No,0,0.0,1.0,0.0,1.0,0.0,0.0,43.0,0.0,0.0,0.0,0.0,1.0,4.0,0,0,0,1,0,0,0,1,1,0,0,0,1,0,0,0,1,0,0,0,0,1,0,0,0,0,1,0,0,0
13244,5066400.0,0.0,0.0,1.0,67.5,-15944.0,-1467.0,1.0,0,1,0,3,-28.0,No,0,0.0,1.0,0.0,1.0,0.0,0.0,43.0,0.0,0.0,0.0,0.0,1.0,4.0,0,0,0,1,0,0,0,1,1,0,0,0,1,0,0,0,1,0,0,0,0,1,0,0,0,0,1,0,0,0
13245,5066402.0,0.0,0.0,1.0,67.5,-15944.0,-1467.0,1.0,0,1,0,3,-33.0,No,0,0.0,1.0,0.0,1.0,0.0,0.0,43.0,0.0,0.0,0.0,0.0,1.0,4.0,0,0,0,1,0,0,0,1,1,0,0,0,1,0,0,0,1,0,0,0,0,1,0,0,0,0,1,0,0,0
13246,5066403.0,0.0,0.0,1.0,67.5,-15944.0,-1467.0,1.0,0,1,0,3,-45.0,No,0,0.0,1.0,0.0,1.0,0.0,0.0,43.0,0.0,0.0,0.0,0.0,1.0,4.0,0,0,0,1,0,0,0,1,1,0,0,0,1,0,0,0,1,0,0,0,0,1,0,0,0,0,1,0,0,0
13247,5066404.0,0.0,0.0,1.0,67.5,-15944.0,-1467.0,1.0,0,1,0,3,-14.0,No,0,0.0,1.0,0.0,1.0,0.0,0.0,43.0,0.0,0.0,0.0,0.0,1.0,4.0,0,0,0,1,0,0,0,1,1,0,0,0,1,0,0,0,1,0,0,0,0,1,0,0,0,0,1,0,0,0
13308,5066495.0,0.0,0.0,0.0,11.25,-12076.0,-5362.0,1.0,0,1,1,3,-46.0,No,0,0.0,1.0,0.0,0.0,1.0,0.0,33.0,0.0,0.0,1.0,0.0,0.0,14.0,0,0,1,0,0,0,0,1,0,0,1,1,0,0,0,0,0,0,0,0,1,1,0,0,0,1,0,0,0,0
13309,5066496.0,0.0,0.0,0.0,11.25,-12076.0,-5362.0,1.0,0,1,1,3,-39.0,No,0,0.0,1.0,0.0,0.0,1.0,0.0,33.0,0.0,0.0,1.0,0.0,0.0,14.0,0,0,1,0,0,0,0,1,0,0,1,1,0,0,0,0,0,0,0,0,1,1,0,0,0,1,0,0,0,0
13310,5066497.0,0.0,0.0,0.0,11.25,-12076.0,-5362.0,1.0,0,1,1,3,-10.0,No,0,0.0,1.0,0.0,0.0,1.0,0.0,33.0,0.0,0.0,1.0,0.0,0.0,14.0,0,0,1,0,0,0,0,1,0,0,1,1,0,0,0,0,0,0,0,0,1,1,0,0,0,1,0,0,0,0
13311,5066498.0,0.0,0.0,0.0,11.25,-12076.0,-5362.0,1.0,0,1,1,3,-51.0,No,0,0.0,1.0,0.0,0.0,1.0,0.0,33.0,0.0,0.0,1.0,0.0,0.0,14.0,0,0,1,0,0,0,0,1,0,0,1,1,0,0,0,0,0,0,0,0,1,1,0,0,0,1,0,0,0,0
13312,5066499.0,0.0,0.0,0.0,11.25,-12076.0,-5362.0,1.0,0,1,1,3,-40.0,No,0,0.0,1.0,0.0,0.0,1.0,0.0,33.0,0.0,0.0,1.0,0.0,0.0,14.0,0,0,1,0,0,0,0,1,0,0,1,1,0,0,0,0,0,0,0,0,1,1,0,0,0,1,0,0,0,0
13313,5066500.0,0.0,0.0,0.0,11.25,-12076.0,-5362.0,1.0,0,1,1,3,-46.0,No,0,0.0,1.0,0.0,0.0,1.0,0.0,33.0,0.0,0.0,1.0,0.0,0.0,14.0,0,0,1,0,0,0,0,1,0,0,1,1,0,0,0,0,0,0,0,0,1,1,0,0,0,1,0,0,0,0
14595,5068489.0,1.0,0.0,0.0,31.5,-18321.0,-110.0,1.0,0,1,0,3,-9.0,No,0,0.0,1.0,0.0,1.0,0.0,0.0,50.0,1.0,0.0,0.0,0.0,0.0,0.0,0,0,0,1,0,0,0,1,1,0,0,0,1,0,0,0,1,0,0,0,0,1,0,0,0,0,1,0,0,0
14596,5068490.0,1.0,0.0,0.0,31.5,-18321.0,-110.0,1.0,0,1,0,3,-28.0,No,0,0.0,1.0,0.0,1.0,0.0,0.0,50.0,1.0,0.0,0.0,0.0,0.0,0.0,0,0,0,1,0,0,0,1,1,0,0,0,1,0,0,0,1,0,0,0,0,1,0,0,0,0,1,0,0,0
14597,5068491.0,1.0,0.0,0.0,31.5,-18321.0,-110.0,1.0,0,1,0,3,-49.0,No,0,0.0,1.0,0.0,1.0,0.0,0.0,50.0,1.0,0.0,0.0,0.0,0.0,0.0,0,0,0,1,0,0,0,1,1,0,0,0,1,0,0,0,1,0,0,0,0,1,0,0,0,0,1,0,0,0
14598,5068497.0,1.0,0.0,0.0,31.5,-18321.0,-110.0,1.0,0,1,0,3,-12.0,No,0,0.0,1.0,0.0,1.0,0.0,0.0,50.0,1.0,0.0,0.0,0.0,0.0,0.0,0,0,0,1,0,0,0,1,1,0,0,0,1,0,0,0,1,0,0,0,0,1,0,0,0,0,1,0,0,0
14599,5068498.0,1.0,0.0,0.0,31.5,-18321.0,-110.0,1.0,0,1,0,3,-15.0,No,0,0.0,1.0,0.0,1.0,0.0,0.0,50.0,1.0,0.0,0.0,0.0,0.0,0.0,0,0,0,1,0,0,0,1,1,0,0,0,1,0,0,0,1,0,0,0,0,1,0,0,0,0,1,0,0,0
14600,5068499.0,1.0,0.0,0.0,31.5,-18321.0,-110.0,1.0,0,1,0,3,-15.0,No,0,0.0,1.0,0.0,1.0,0.0,0.0,50.0,1.0,0.0,0.0,0.0,0.0,0.0,0,0,0,1,0,0,0,1,1,0,0,0,1,0,0,0,1,0,0,0,0,1,0,0,0,0,1,0,0,0
14601,5068500.0,1.0,0.0,0.0,31.5,-18321.0,-110.0,1.0,0,1,0,3,-34.0,No,0,0.0,1.0,0.0,1.0,0.0,0.0,50.0,1.0,0.0,0.0,0.0,0.0,0.0,0,0,0,1,0,0,0,1,1,0,0,0,1,0,0,0,1,0,0,0,0,1,0,0,0,0,1,0,0,0
15558,5079084.0,1.0,0.0,0.0,16.2,-11045.0,-939.0,1.0,0,0,0,3,-43.0,No,0,0.0,1.0,0.0,0.0,0.0,1.0,30.0,0.0,0.0,1.0,0.0,0.0,2.0,0,0,0,1,0,0,0,1,0,0,1,0,1,0,0,0,0,1,0,0,0,1,0,0,0,0,1,0,0,0
15559,5079085.0,1.0,0.0,0.0,16.2,-11045.0,-939.0,1.0,0,0,0,3,-15.0,No,0,0.0,1.0,0.0,0.0,0.0,1.0,30.0,0.0,0.0,1.0,0.0,0.0,2.0,0,0,0,1,0,0,0,1,0,0,1,0,1,0,0,0,0,1,0,0,0,1,0,0,0,0,1,0,0,0
15560,5079086.0,1.0,0.0,0.0,16.2,-11045.0,-939.0,1.0,0,0,0,3,-7.0,No,0,0.0,1.0,0.0,0.0,0.0,1.0,30.0,0.0,0.0,1.0,0.0,0.0,2.0,0,0,0,1,0,0,0,1,0,0,1,0,1,0,0,0,0,1,0,0,0,1,0,0,0,0,1,0,0,0
15561,5079087.0,1.0,0.0,0.0,16.2,-11045.0,-939.0,1.0,0,0,0,3,-41.0,No,0,0.0,1.0,0.0,0.0,0.0,1.0,30.0,0.0,0.0,1.0,0.0,0.0,2.0,0,0,0,1,0,0,0,1,0,0,1,0,1,0,0,0,0,1,0,0,0,1,0,0,0,0,1,0,0,0
15562,5079088.0,1.0,0.0,0.0,16.2,-11045.0,-939.0,1.0,0,0,0,3,-7.0,No,0,0.0,1.0,0.0,0.0,0.0,1.0,30.0,0.0,0.0,1.0,0.0,0.0,2.0,0,0,0,1,0,0,0,1,0,0,1,0,1,0,0,0,0,1,0,0,0,1,0,0,0,0,1,0,0,0
16372,5088785.0,0.0,0.0,1.0,13.5,-10522.0,-895.0,1.0,0,0,0,3,-26.0,No,0,0.0,1.0,0.0,0.0,1.0,0.0,28.0,0.0,0.0,0.0,1.0,0.0,2.0,0,0,0,1,0,0,0,1,1,0,0,0,1,0,0,0,1,0,0,0,0,1,0,0,0,0,1,0,0,0
16373,5088786.0,0.0,0.0,1.0,13.5,-10522.0,-895.0,1.0,0,0,0,3,-22.0,No,0,0.0,1.0,0.0,0.0,1.0,0.0,28.0,0.0,0.0,0.0,1.0,0.0,2.0,0,0,0,1,0,0,0,1,1,0,0,0,1,0,0,0,1,0,0,0,0,1,0,0,0,0,1,0,0,0
16374,5088787.0,0.0,0.0,1.0,13.5,-10522.0,-895.0,1.0,0,0,0,3,-2.0,No,0,0.0,1.0,0.0,0.0,1.0,0.0,28.0,0.0,0.0,0.0,1.0,0.0,2.0,0,0,0,1,0,0,0,1,1,0,0,0,1,0,0,0,1,0,0,0,0,1,0,0,0,0,1,0,0,0
16453,5088894.0,0.0,0.0,1.0,11.7,-18989.0,-551.0,1.0,1,0,0,3,-22.0,No,0,0.0,1.0,0.0,0.0,1.0,0.0,52.0,1.0,0.0,0.0,0.0,0.0,1.0,0,0,0,1,0,0,0,1,0,0,1,1,0,0,0,0,1,0,0,0,0,1,0,0,0,0,1,0,0,0
16454,5088895.0,0.0,0.0,1.0,11.7,-18989.0,-551.0,1.0,1,0,0,3,-19.0,No,0,0.0,1.0,0.0,0.0,1.0,0.0,52.0,1.0,0.0,0.0,0.0,0.0,1.0,0,0,0,1,0,0,0,1,0,0,1,1,0,0,0,0,1,0,0,0,0,1,0,0,0,0,1,0,0,0
16455,5088896.0,0.0,0.0,1.0,11.7,-18989.0,-551.0,1.0,1,0,0,3,-27.0,No,0,0.0,1.0,0.0,0.0,1.0,0.0,52.0,1.0,0.0,0.0,0.0,0.0,1.0,0,0,0,1,0,0,0,1,0,0,1,1,0,0,0,0,1,0,0,0,0,1,0,0,0,0,1,0,0,0
16456,5088897.0,0.0,0.0,1.0,11.7,-18989.0,-551.0,1.0,1,0,0,3,-27.0,No,0,0.0,1.0,0.0,0.0,1.0,0.0,52.0,1.0,0.0,0.0,0.0,0.0,1.0,0,0,0,1,0,0,0,1,0,0,1,1,0,0,0,0,1,0,0,0,0,1,0,0,0,0,1,0,0,0
16457,5088898.0,0.0,0.0,1.0,11.7,-18989.0,-551.0,1.0,1,0,0,3,-27.0,No,0,0.0,1.0,0.0,0.0,1.0,0.0,52.0,1.0,0.0,0.0,0.0,0.0,1.0,0,0,0,1,0,0,0,1,0,0,1,1,0,0,0,0,1,0,0,0,0,1,0,0,0,0,1,0,0,0
16458,5088899.0,0.0,0.0,1.0,11.7,-18989.0,-551.0,1.0,1,0,0,3,-12.0,No,0,0.0,1.0,0.0,0.0,1.0,0.0,52.0,1.0,0.0,0.0,0.0,0.0,1.0,0,0,0,1,0,0,0,1,0,0,1,1,0,0,0,0,1,0,0,0,0,1,0,0,0,0,1,0,0,0
16459,5088900.0,0.0,0.0,1.0,11.7,-18989.0,-551.0,1.0,1,0,0,3,-5.0,No,0,0.0,1.0,0.0,0.0,1.0,0.0,52.0,1.0,0.0,0.0,0.0,0.0,1.0,0,0,0,1,0,0,0,1,0,0,1,1,0,0,0,0,1,0,0,0,0,1,0,0,0,0,1,0,0,0
16460,5088901.0,0.0,0.0,1.0,11.7,-18989.0,-551.0,1.0,1,0,0,3,-1.0,No,0,0.0,1.0,0.0,0.0,1.0,0.0,52.0,1.0,0.0,0.0,0.0,0.0,1.0,0,0,0,1,0,0,0,1,0,0,1,1,0,0,0,0,1,0,0,0,0,1,0,0,0,0,1,0,0,0
16461,5088902.0,0.0,0.0,1.0,11.7,-18989.0,-551.0,1.0,1,0,0,3,-8.0,No,0,0.0,1.0,0.0,0.0,1.0,0.0,52.0,1.0,0.0,0.0,0.0,0.0,1.0,0,0,0,1,0,0,0,1,0,0,1,1,0,0,0,0,1,0,0,0,0,1,0,0,0,0,1,0,0,0
16462,5088903.0,0.0,0.0,1.0,11.7,-18989.0,-551.0,1.0,1,0,0,3,-11.0,No,0,0.0,1.0,0.0,0.0,1.0,0.0,52.0,1.0,0.0,0.0,0.0,0.0,1.0,0,0,0,1,0,0,0,1,0,0,1,1,0,0,0,0,1,0,0,0,0,1,0,0,0,0,1,0,0,0
16463,5088904.0,0.0,0.0,1.0,11.7,-18989.0,-551.0,1.0,1,0,0,3,-14.0,No,0,0.0,1.0,0.0,0.0,1.0,0.0,52.0,1.0,0.0,0.0,0.0,0.0,1.0,0,0,0,1,0,0,0,1,0,0,1,1,0,0,0,0,1,0,0,0,0,1,0,0,0,0,1,0,0,0
16464,5088905.0,0.0,0.0,1.0,11.7,-18989.0,-551.0,1.0,1,0,0,3,-15.0,No,0,0.0,1.0,0.0,0.0,1.0,0.0,52.0,1.0,0.0,0.0,0.0,0.0,1.0,0,0,0,1,0,0,0,1,0,0,1,1,0,0,0,0,1,0,0,0,0,1,0,0,0,0,1,0,0,0
16465,5088906.0,0.0,0.0,1.0,11.7,-18989.0,-551.0,1.0,1,0,0,3,-20.0,No,0,0.0,1.0,0.0,0.0,1.0,0.0,52.0,1.0,0.0,0.0,0.0,0.0,1.0,0,0,0,1,0,0,0,1,0,0,1,1,0,0,0,0,1,0,0,0,0,1,0,0,0,0,1,0,0,0
16466,5088907.0,0.0,0.0,1.0,11.7,-18989.0,-551.0,1.0,1,0,0,3,-42.0,No,0,0.0,1.0,0.0,0.0,1.0,0.0,52.0,1.0,0.0,0.0,0.0,0.0,1.0,0,0,0,1,0,0,0,1,0,0,1,1,0,0,0,0,1,0,0,0,0,1,0,0,0,0,1,0,0,0
16467,5090927.0,0.0,0.0,1.0,11.7,-18989.0,-551.0,1.0,1,0,0,3,-49.0,No,0,0.0,1.0,0.0,0.0,1.0,0.0,52.0,1.0,0.0,0.0,0.0,0.0,1.0,0,0,0,1,0,0,0,1,0,0,1,1,0,0,0,0,1,0,0,0,0,1,0,0,0,0,1,0,0,0
17478,5090278.0,0.0,0.0,1.0,19.35,-12875.0,-1009.0,1.0,0,0,1,3,-17.0,No,0,0.0,1.0,0.0,0.0,0.0,1.0,35.0,0.0,0.0,1.0,0.0,0.0,2.0,0,0,0,1,0,0,0,1,0,1,0,0,0,1,0,0,1,0,0,0,0,1,0,0,0,1,0,0,0,0
17614,5090519.0,0.0,0.0,1.0,14.4,-12517.0,-3778.0,1.0,0,1,1,3,-26.0,No,0,0.0,1.0,0.0,0.0,0.0,1.0,34.0,0.0,0.0,1.0,0.0,0.0,10.0,0,0,1,0,0,0,0,1,1,0,0,0,0,1,0,0,1,0,0,0,0,1,0,0,0,0,1,0,0,0
17615,5090520.0,0.0,0.0,1.0,14.4,-12517.0,-3778.0,1.0,0,1,1,3,-41.0,No,0,0.0,1.0,0.0,0.0,0.0,1.0,34.0,0.0,0.0,1.0,0.0,0.0,10.0,0,0,1,0,0,0,0,1,1,0,0,0,0,1,0,0,1,0,0,0,0,1,0,0,0,0,1,0,0,0
17654,5090581.0,1.0,0.0,0.0,20.25,-15808.0,-461.0,1.0,0,0,0,3,-52.0,No,0,0.0,1.0,0.0,0.0,0.0,1.0,43.0,0.0,0.0,0.0,0.0,1.0,1.0,0,0,0,1,0,0,0,1,0,1,0,0,0,1,0,0,1,0,0,0,0,1,0,0,0,0,1,0,0,0
17759,5090866.0,0.0,0.0,1.0,20.25,-17726.0,-3870.0,1.0,0,0,1,3,-14.0,No,0,0.0,1.0,0.0,0.0,0.0,1.0,48.0,0.0,0.0,0.0,0.0,1.0,10.0,0,0,1,0,0,0,0,1,1,0,0,0,0,1,0,0,1,0,0,0,0,1,0,0,0,0,1,0,0,0
19054,5095285.0,0.0,0.0,1.0,22.95,-11187.0,-1769.0,1.0,0,0,0,3,-31.0,No,0,0.0,1.0,0.0,1.0,0.0,0.0,30.0,0.0,0.0,1.0,0.0,0.0,4.0,0,0,0,1,0,0,0,1,0,1,0,0,1,0,0,0,1,0,0,0,0,1,0,0,0,0,1,0,0,0
19055,5095286.0,0.0,0.0,1.0,22.95,-11187.0,-1769.0,1.0,0,0,0,3,-46.0,No,0,0.0,1.0,0.0,1.0,0.0,0.0,30.0,0.0,0.0,1.0,0.0,0.0,4.0,0,0,0,1,0,0,0,1,0,1,0,0,1,0,0,0,1,0,0,0,0,1,0,0,0,0,1,0,0,0
19056,5095287.0,0.0,0.0,1.0,22.95,-11187.0,-1769.0,1.0,0,0,0,3,-46.0,No,0,0.0,1.0,0.0,1.0,0.0,0.0,30.0,0.0,0.0,1.0,0.0,0.0,4.0,0,0,0,1,0,0,0,1,0,1,0,0,1,0,0,0,1,0,0,0,0,1,0,0,0,0,1,0,0,0
19057,5095288.0,0.0,0.0,1.0,22.95,-11187.0,-1769.0,1.0,0,0,0,3,-31.0,No,0,0.0,1.0,0.0,1.0,0.0,0.0,30.0,0.0,0.0,1.0,0.0,0.0,4.0,0,0,0,1,0,0,0,1,0,1,0,0,1,0,0,0,1,0,0,0,0,1,0,0,0,0,1,0,0,0
19058,5095289.0,0.0,0.0,1.0,22.95,-11187.0,-1769.0,1.0,0,0,0,3,-28.0,No,0,0.0,1.0,0.0,1.0,0.0,0.0,30.0,0.0,0.0,1.0,0.0,0.0,4.0,0,0,0,1,0,0,0,1,0,1,0,0,1,0,0,0,1,0,0,0,0,1,0,0,0,0,1,0,0,0
19059,5095290.0,0.0,0.0,1.0,22.95,-11187.0,-1769.0,1.0,0,0,0,3,-29.0,No,0,0.0,1.0,0.0,1.0,0.0,0.0,30.0,0.0,0.0,1.0,0.0,0.0,4.0,0,0,0,1,0,0,0,1,0,1,0,0,1,0,0,0,1,0,0,0,0,1,0,0,0,0,1,0,0,0
19093,5095358.0,1.0,0.0,1.0,27.0,-10454.0,-400.0,1.0,0,1,1,3,-31.0,No,0,0.0,1.0,0.0,1.0,0.0,0.0,28.0,0.0,0.0,0.0,1.0,0.0,1.0,0,0,0,1,0,0,0,1,1,0,0,0,0,1,0,0,1,0,0,0,0,1,0,0,0,0,1,0,0,0
19094,5095359.0,1.0,0.0,1.0,27.0,-10454.0,-400.0,1.0,0,1,1,3,-11.0,No,0,0.0,1.0,0.0,1.0,0.0,0.0,28.0,0.0,0.0,0.0,1.0,0.0,1.0,0,0,0,1,0,0,0,1,1,0,0,0,0,1,0,0,1,0,0,0,0,1,0,0,0,0,1,0,0,0
19095,5095360.0,1.0,0.0,1.0,27.0,-10454.0,-400.0,1.0,0,1,1,3,-3.0,No,0,0.0,1.0,0.0,1.0,0.0,0.0,28.0,0.0,0.0,0.0,1.0,0.0,1.0,0,0,0,1,0,0,0,1,1,0,0,0,0,1,0,0,1,0,0,0,0,1,0,0,0,0,1,0,0,0
19096,5095361.0,0.0,0.0,1.0,20.25,-13777.0,-3261.0,1.0,0,0,0,3,-3.0,No,0,0.0,1.0,0.0,0.0,0.0,1.0,37.0,0.0,0.0,1.0,0.0,0.0,8.0,0,0,0,1,0,0,0,1,0,0,1,0,1,0,0,0,0,0,0,1,0,1,0,0,0,0,1,0,0,0
19097,5095362.0,0.0,0.0,1.0,20.25,-13777.0,-3261.0,1.0,0,0,0,3,-15.0,No,0,0.0,1.0,0.0,0.0,0.0,1.0,37.0,0.0,0.0,1.0,0.0,0.0,8.0,0,0,0,1,0,0,0,1,0,0,1,0,1,0,0,0,0,0,0,1,0,1,0,0,0,0,1,0,0,0
19362,5095895.0,0.0,0.0,0.0,11.25,-16018.0,-2532.0,1.0,1,1,0,3,-25.0,No,0,0.0,1.0,0.0,0.0,1.0,0.0,43.0,0.0,0.0,0.0,0.0,1.0,6.0,0,0,0,1,0,0,0,1,1,0,0,0,0,1,0,0,1,0,0,0,0,1,0,0,0,0,1,0,0,0
19363,5095896.0,0.0,0.0,0.0,11.25,-16018.0,-2532.0,1.0,1,1,0,3,-21.0,No,0,0.0,1.0,0.0,0.0,1.0,0.0,43.0,0.0,0.0,0.0,0.0,1.0,6.0,0,0,0,1,0,0,0,1,1,0,0,0,0,1,0,0,1,0,0,0,0,1,0,0,0,0,1,0,0,0
19364,5095897.0,0.0,0.0,0.0,11.25,-16018.0,-2532.0,1.0,1,1,0,3,-19.0,No,0,0.0,1.0,0.0,0.0,1.0,0.0,43.0,0.0,0.0,0.0,0.0,1.0,6.0,0,0,0,1,0,0,0,1,1,0,0,0,0,1,0,0,1,0,0,0,0,1,0,0,0,0,1,0,0,0
19365,5095898.0,0.0,0.0,0.0,11.25,-16018.0,-2532.0,1.0,1,1,0,3,-6.0,No,0,0.0,1.0,0.0,0.0,1.0,0.0,43.0,0.0,0.0,0.0,0.0,1.0,6.0,0,0,0,1,0,0,0,1,1,0,0,0,0,1,0,0,1,0,0,0,0,1,0,0,0,0,1,0,0,0
19688,5096443.0,0.0,0.0,0.0,14.4,-12753.0,-1315.0,1.0,1,1,0,3,-15.0,No,0,0.0,1.0,0.0,0.0,0.0,1.0,34.0,0.0,0.0,1.0,0.0,0.0,3.0,0,0,0,1,0,0,0,1,1,0,0,0,1,0,0,0,1,0,0,0,0,1,0,0,0,0,1,0,0,0
19689,5096444.0,0.0,0.0,0.0,14.4,-12753.0,-1315.0,1.0,1,1,0,3,-37.0,No,0,0.0,1.0,0.0,0.0,0.0,1.0,34.0,0.0,0.0,1.0,0.0,0.0,3.0,0,0,0,1,0,0,0,1,1,0,0,0,1,0,0,0,1,0,0,0,0,1,0,0,0,0,1,0,0,0
19690,5096445.0,0.0,0.0,0.0,14.4,-12753.0,-1315.0,1.0,1,1,0,3,-1.0,No,0,0.0,1.0,0.0,0.0,0.0,1.0,34.0,0.0,0.0,1.0,0.0,0.0,3.0,0,0,0,1,0,0,0,1,1,0,0,0,1,0,0,0,1,0,0,0,0,1,0,0,0,0,1,0,0,0
19691,5096446.0,0.0,0.0,0.0,14.4,-12753.0,-1315.0,1.0,1,1,0,3,-26.0,No,0,0.0,1.0,0.0,0.0,0.0,1.0,34.0,0.0,0.0,1.0,0.0,0.0,3.0,0,0,0,1,0,0,0,1,1,0,0,0,1,0,0,0,1,0,0,0,0,1,0,0,0,0,1,0,0,0
19692,5096447.0,0.0,0.0,0.0,14.4,-12753.0,-1315.0,1.0,1,1,0,3,-18.0,No,0,0.0,1.0,0.0,0.0,0.0,1.0,34.0,0.0,0.0,1.0,0.0,0.0,3.0,0,0,0,1,0,0,0,1,1,0,0,0,1,0,0,0,1,0,0,0,0,1,0,0,0,0,1,0,0,0
19693,5096448.0,0.0,0.0,0.0,14.4,-12753.0,-1315.0,1.0,1,1,0,3,-9.0,No,0,0.0,1.0,0.0,0.0,0.0,1.0,34.0,0.0,0.0,1.0,0.0,0.0,3.0,0,0,0,1,0,0,0,1,1,0,0,0,1,0,0,0,1,0,0,0,0,1,0,0,0,0,1,0,0,0
19694,5096449.0,0.0,0.0,0.0,14.4,-12753.0,-1315.0,1.0,1,1,0,3,0.0,No,0,0.0,1.0,0.0,0.0,0.0,1.0,34.0,0.0,0.0,1.0,0.0,0.0,3.0,0,0,0,1,0,0,0,1,1,0,0,0,1,0,0,0,1,0,0,0,0,1,0,0,0,0,1,0,0,0
19695,5096450.0,0.0,0.0,0.0,14.4,-12753.0,-1315.0,1.0,1,1,0,3,-13.0,No,0,0.0,1.0,0.0,0.0,0.0,1.0,34.0,0.0,0.0,1.0,0.0,0.0,3.0,0,0,0,1,0,0,0,1,1,0,0,0,1,0,0,0,1,0,0,0,0,1,0,0,0,0,1,0,0,0
19696,5096451.0,0.0,0.0,0.0,14.4,-12753.0,-1315.0,1.0,1,1,0,3,-60.0,No,0,0.0,1.0,0.0,0.0,0.0,1.0,34.0,0.0,0.0,1.0,0.0,0.0,3.0,0,0,0,1,0,0,0,1,1,0,0,0,1,0,0,0,1,0,0,0,0,1,0,0,0,0,1,0,0,0
19697,5096452.0,0.0,0.0,0.0,14.4,-12753.0,-1315.0,1.0,1,1,0,3,-37.0,No,0,0.0,1.0,0.0,0.0,0.0,1.0,34.0,0.0,0.0,1.0,0.0,0.0,3.0,0,0,0,1,0,0,0,1,1,0,0,0,1,0,0,0,1,0,0,0,0,1,0,0,0,0,1,0,0,0
19698,5096453.0,0.0,0.0,0.0,14.4,-12753.0,-1315.0,1.0,1,1,0,3,-35.0,No,0,0.0,1.0,0.0,0.0,0.0,1.0,34.0,0.0,0.0,1.0,0.0,0.0,3.0,0,0,0,1,0,0,0,1,1,0,0,0,1,0,0,0,1,0,0,0,0,1,0,0,0,0,1,0,0,0
19699,5096454.0,0.0,0.0,0.0,14.4,-12753.0,-1315.0,1.0,1,1,0,3,-26.0,No,0,0.0,1.0,0.0,0.0,0.0,1.0,34.0,0.0,0.0,1.0,0.0,0.0,3.0,0,0,0,1,0,0,0,1,1,0,0,0,1,0,0,0,1,0,0,0,0,1,0,0,0,0,1,0,0,0
19700,5096455.0,0.0,0.0,0.0,14.4,-12753.0,-1315.0,1.0,1,1,0,3,-53.0,No,0,0.0,1.0,0.0,0.0,0.0,1.0,34.0,0.0,0.0,1.0,0.0,0.0,3.0,0,0,0,1,0,0,0,1,1,0,0,0,1,0,0,0,1,0,0,0,0,1,0,0,0,0,1,0,0,0
19701,5096456.0,0.0,0.0,0.0,14.4,-12753.0,-1315.0,1.0,1,1,0,3,-39.0,No,0,0.0,1.0,0.0,0.0,0.0,1.0,34.0,0.0,0.0,1.0,0.0,0.0,3.0,0,0,0,1,0,0,0,1,1,0,0,0,1,0,0,0,1,0,0,0,0,1,0,0,0,0,1,0,0,0
19928,5096924.0,1.0,0.0,0.0,22.5,-18086.0,-1922.0,1.0,0,0,0,3,-59.0,No,0,0.0,1.0,0.0,1.0,0.0,0.0,49.0,1.0,0.0,0.0,0.0,0.0,5.0,0,0,0,1,0,0,0,1,1,0,0,0,0,1,0,0,1,0,0,0,0,1,0,0,0,0,1,0,0,0
19963,5096990.0,1.0,0.0,1.0,54.0,-11566.0,-1921.0,1.0,0,0,0,3,-26.0,No,0,0.0,1.0,0.0,1.0,0.0,0.0,31.0,0.0,0.0,1.0,0.0,0.0,5.0,0,0,0,1,0,0,0,1,0,0,1,0,0,1,0,0,1,0,0,0,0,1,0,0,0,0,1,0,0,0
20576,5100240.0,0.0,0.0,1.0,9.0,-12722.0,-5331.0,1.0,0,0,0,3,-37.0,No,0,0.0,1.0,0.0,0.0,1.0,0.0,34.0,0.0,0.0,1.0,0.0,0.0,14.0,0,0,1,0,0,0,0,1,0,0,1,1,0,0,0,0,0,0,0,0,1,1,0,0,0,0,1,0,0,0
21466,5105877.0,0.0,0.0,0.0,38.7,-15220.0,-727.0,1.0,0,0,0,3,-17.0,No,0,0.0,1.0,0.0,1.0,0.0,0.0,41.0,0.0,0.0,0.0,0.0,1.0,1.0,0,0,0,1,0,0,0,1,1,0,0,0,1,0,0,0,1,0,0,0,0,1,0,0,0,0,1,0,0,0
21467,5105878.0,0.0,0.0,0.0,38.7,-15220.0,-727.0,1.0,0,0,0,3,-20.0,No,0,0.0,1.0,0.0,1.0,0.0,0.0,41.0,0.0,0.0,0.0,0.0,1.0,1.0,0,0,0,1,0,0,0,1,1,0,0,0,1,0,0,0,1,0,0,0,0,1,0,0,0,0,1,0,0,0
21468,5105879.0,0.0,0.0,0.0,38.7,-15220.0,-727.0,1.0,0,0,0,3,-24.0,No,0,0.0,1.0,0.0,1.0,0.0,0.0,41.0,0.0,0.0,0.0,0.0,1.0,1.0,0,0,0,1,0,0,0,1,1,0,0,0,1,0,0,0,1,0,0,0,0,1,0,0,0,0,1,0,0,0
21469,5105880.0,0.0,0.0,0.0,38.7,-15220.0,-727.0,1.0,0,0,0,3,-11.0,No,0,0.0,1.0,0.0,1.0,0.0,0.0,41.0,0.0,0.0,0.0,0.0,1.0,1.0,0,0,0,1,0,0,0,1,1,0,0,0,1,0,0,0,1,0,0,0,0,1,0,0,0,0,1,0,0,0
21470,5105881.0,0.0,0.0,0.0,38.7,-15220.0,-727.0,1.0,0,0,0,3,-12.0,No,0,0.0,1.0,0.0,1.0,0.0,0.0,41.0,0.0,0.0,0.0,0.0,1.0,1.0,0,0,0,1,0,0,0,1,1,0,0,0,1,0,0,0,1,0,0,0,0,1,0,0,0,0,1,0,0,0
21471,5105883.0,0.0,0.0,0.0,38.7,-15220.0,-727.0,1.0,0,0,0,3,-11.0,No,0,0.0,1.0,0.0,1.0,0.0,0.0,41.0,0.0,0.0,0.0,0.0,1.0,1.0,0,0,0,1,0,0,0,1,1,0,0,0,1,0,0,0,1,0,0,0,0,1,0,0,0,0,1,0,0,0
21472,5105884.0,0.0,0.0,0.0,38.7,-15220.0,-727.0,1.0,0,0,0,3,-9.0,No,0,0.0,1.0,0.0,1.0,0.0,0.0,41.0,0.0,0.0,0.0,0.0,1.0,1.0,0,0,0,1,0,0,0,1,1,0,0,0,1,0,0,0,1,0,0,0,0,1,0,0,0,0,1,0,0,0
21736,5111116.0,0.0,0.0,1.0,31.5,-11602.0,-1455.0,1.0,0,0,0,3,-25.0,No,0,0.0,1.0,0.0,1.0,0.0,0.0,31.0,0.0,0.0,1.0,0.0,0.0,3.0,0,0,0,1,0,0,0,1,0,0,1,0,0,1,0,0,1,0,0,0,0,1,0,0,0,0,1,0,0,0
21737,5111117.0,0.0,0.0,1.0,31.5,-11602.0,-1455.0,1.0,0,0,0,3,-40.0,No,0,0.0,1.0,0.0,1.0,0.0,0.0,31.0,0.0,0.0,1.0,0.0,0.0,3.0,0,0,0,1,0,0,0,1,0,0,1,0,0,1,0,0,1,0,0,0,0,1,0,0,0,0,1,0,0,0
21738,5111118.0,0.0,0.0,1.0,31.5,-11602.0,-1455.0,1.0,0,0,0,3,-20.0,No,0,0.0,1.0,0.0,1.0,0.0,0.0,31.0,0.0,0.0,1.0,0.0,0.0,3.0,0,0,0,1,0,0,0,1,0,0,1,0,0,1,0,0,1,0,0,0,0,1,0,0,0,0,1,0,0,0
21739,5111119.0,0.0,0.0,1.0,31.5,-11602.0,-1455.0,1.0,0,0,0,3,-12.0,No,0,0.0,1.0,0.0,1.0,0.0,0.0,31.0,0.0,0.0,1.0,0.0,0.0,3.0,0,0,0,1,0,0,0,1,0,0,1,0,0,1,0,0,1,0,0,0,0,1,0,0,0,0,1,0,0,0
21740,5111120.0,0.0,0.0,1.0,31.5,-11602.0,-1455.0,1.0,0,0,0,3,-32.0,No,0,0.0,1.0,0.0,1.0,0.0,0.0,31.0,0.0,0.0,1.0,0.0,0.0,3.0,0,0,0,1,0,0,0,1,0,0,1,0,0,1,0,0,1,0,0,0,0,1,0,0,0,0,1,0,0,0
21741,5111122.0,0.0,0.0,1.0,31.5,-11602.0,-1455.0,1.0,0,0,0,3,-12.0,No,0,0.0,1.0,0.0,1.0,0.0,0.0,31.0,0.0,0.0,1.0,0.0,0.0,3.0,0,0,0,1,0,0,0,1,0,0,1,0,0,1,0,0,1,0,0,0,0,1,0,0,0,0,1,0,0,0
22164,5113302.0,1.0,0.0,1.0,18.0,-15670.0,-1654.0,1.0,0,0,0,3,-35.0,No,0,0.0,1.0,0.0,0.0,0.0,1.0,42.0,0.0,0.0,0.0,0.0,1.0,4.0,0,0,0,1,0,0,0,1,0,0,1,1,0,0,0,0,0,0,0,0,1,1,0,0,0,0,1,0,0,0
22165,5113303.0,1.0,0.0,1.0,18.0,-15670.0,-1654.0,1.0,0,0,0,3,-22.0,No,0,0.0,1.0,0.0,0.0,0.0,1.0,42.0,0.0,0.0,0.0,0.0,1.0,4.0,0,0,0,1,0,0,0,1,0,0,1,1,0,0,0,0,0,0,0,0,1,1,0,0,0,0,1,0,0,0
22166,5113304.0,1.0,0.0,1.0,18.0,-15670.0,-1654.0,1.0,0,0,0,3,-33.0,No,0,0.0,1.0,0.0,0.0,0.0,1.0,42.0,0.0,0.0,0.0,0.0,1.0,4.0,0,0,0,1,0,0,0,1,0,0,1,1,0,0,0,0,0,0,0,0,1,1,0,0,0,0,1,0,0,0
22167,5113305.0,1.0,0.0,1.0,18.0,-15670.0,-1654.0,1.0,0,0,0,3,-18.0,No,0,0.0,1.0,0.0,0.0,0.0,1.0,42.0,0.0,0.0,0.0,0.0,1.0,4.0,0,0,0,1,0,0,0,1,0,0,1,1,0,0,0,0,0,0,0,0,1,1,0,0,0,0,1,0,0,0
22168,5113306.0,1.0,0.0,1.0,18.0,-15670.0,-1654.0,1.0,0,0,0,3,-22.0,No,0,0.0,1.0,0.0,0.0,0.0,1.0,42.0,0.0,0.0,0.0,0.0,1.0,4.0,0,0,0,1,0,0,0,1,0,0,1,1,0,0,0,0,0,0,0,0,1,1,0,0,0,0,1,0,0,0
22169,5113307.0,1.0,0.0,1.0,18.0,-15670.0,-1654.0,1.0,0,0,0,3,-7.0,No,0,0.0,1.0,0.0,0.0,0.0,1.0,42.0,0.0,0.0,0.0,0.0,1.0,4.0,0,0,0,1,0,0,0,1,0,0,1,1,0,0,0,0,0,0,0,0,1,1,0,0,0,0,1,0,0,0
22170,5113308.0,1.0,0.0,1.0,18.0,-15670.0,-1654.0,1.0,0,0,0,3,-10.0,No,0,0.0,1.0,0.0,0.0,0.0,1.0,42.0,0.0,0.0,0.0,0.0,1.0,4.0,0,0,0,1,0,0,0,1,0,0,1,1,0,0,0,0,0,0,0,0,1,1,0,0,0,0,1,0,0,0
22171,5113309.0,1.0,0.0,1.0,18.0,-15670.0,-1654.0,1.0,0,0,0,3,-15.0,No,0,0.0,1.0,0.0,0.0,0.0,1.0,42.0,0.0,0.0,0.0,0.0,1.0,4.0,0,0,0,1,0,0,0,1,0,0,1,1,0,0,0,0,0,0,0,0,1,1,0,0,0,0,1,0,0,0
22172,5113310.0,1.0,0.0,1.0,18.0,-15670.0,-1654.0,1.0,0,0,0,3,-35.0,No,0,0.0,1.0,0.0,0.0,0.0,1.0,42.0,0.0,0.0,0.0,0.0,1.0,4.0,0,0,0,1,0,0,0,1,0,0,1,1,0,0,0,0,0,0,0,0,1,1,0,0,0,0,1,0,0,0
22200,5113357.0,0.0,0.0,1.0,9.0,-14525.0,-5976.0,1.0,1,0,0,3,-41.0,No,0,0.0,1.0,0.0,0.0,1.0,0.0,39.0,0.0,0.0,1.0,0.0,0.0,16.0,0,0,1,0,0,0,0,1,0,0,1,0,1,0,0,0,1,0,0,0,0,1,0,0,0,0,1,0,0,0
22201,5113358.0,0.0,0.0,1.0,9.0,-14525.0,-5976.0,1.0,1,0,0,3,-34.0,No,0,0.0,1.0,0.0,0.0,1.0,0.0,39.0,0.0,0.0,1.0,0.0,0.0,16.0,0,0,1,0,0,0,0,1,0,0,1,0,1,0,0,0,1,0,0,0,0,1,0,0,0,0,1,0,0,0
22202,5113359.0,0.0,0.0,1.0,9.0,-14525.0,-5976.0,1.0,1,0,0,3,-24.0,No,0,0.0,1.0,0.0,0.0,1.0,0.0,39.0,0.0,0.0,1.0,0.0,0.0,16.0,0,0,1,0,0,0,0,1,0,0,1,0,1,0,0,0,1,0,0,0,0,1,0,0,0,0,1,0,0,0
22203,5113360.0,0.0,0.0,1.0,9.0,-14525.0,-5976.0,1.0,1,0,0,3,-8.0,No,0,0.0,1.0,0.0,0.0,1.0,0.0,39.0,0.0,0.0,1.0,0.0,0.0,16.0,0,0,1,0,0,0,0,1,0,0,1,0,1,0,0,0,1,0,0,0,0,1,0,0,0,0,1,0,0,0
22204,5113361.0,0.0,0.0,1.0,9.0,-14525.0,-5976.0,1.0,1,0,0,3,-18.0,No,0,0.0,1.0,0.0,0.0,1.0,0.0,39.0,0.0,0.0,1.0,0.0,0.0,16.0,0,0,1,0,0,0,0,1,0,0,1,0,1,0,0,0,1,0,0,0,0,1,0,0,0,0,1,0,0,0
23110,5115601.0,0.0,0.0,1.0,6.75,-8520.0,-133.0,1.0,0,0,0,3,-15.0,No,0,0.0,1.0,0.0,0.0,1.0,0.0,23.0,0.0,0.0,0.0,1.0,0.0,0.0,0,0,0,1,0,0,0,1,1,0,0,0,1,0,0,0,1,0,0,0,0,1,0,0,0,0,1,0,0,0
23111,5115602.0,0.0,0.0,1.0,6.75,-8520.0,-133.0,1.0,0,0,0,3,-21.0,No,0,0.0,1.0,0.0,0.0,1.0,0.0,23.0,0.0,0.0,0.0,1.0,0.0,0.0,0,0,0,1,0,0,0,1,1,0,0,0,1,0,0,0,1,0,0,0,0,1,0,0,0,0,1,0,0,0
23301,5115912.0,0.0,0.0,0.0,15.75,-11713.0,-529.0,1.0,0,0,0,3,-5.0,No,0,0.0,1.0,0.0,0.0,0.0,1.0,32.0,0.0,0.0,1.0,0.0,0.0,1.0,0,0,0,1,0,0,0,1,1,0,0,0,1,0,0,0,1,0,0,0,0,1,0,0,0,0,1,0,0,0
23302,5115913.0,0.0,0.0,0.0,15.75,-11713.0,-529.0,1.0,0,0,0,3,-3.0,No,0,0.0,1.0,0.0,0.0,0.0,1.0,32.0,0.0,0.0,1.0,0.0,0.0,1.0,0,0,0,1,0,0,0,1,1,0,0,0,1,0,0,0,1,0,0,0,0,1,0,0,0,0,1,0,0,0
23303,5115914.0,0.0,0.0,0.0,15.75,-11713.0,-529.0,1.0,0,0,0,3,-12.0,No,0,0.0,1.0,0.0,0.0,0.0,1.0,32.0,0.0,0.0,1.0,0.0,0.0,1.0,0,0,0,1,0,0,0,1,1,0,0,0,1,0,0,0,1,0,0,0,0,1,0,0,0,0,1,0,0,0
23828,5116722.0,0.0,0.0,0.0,20.25,-12131.0,-793.0,1.0,0,0,0,3,-33.0,No,0,0.0,1.0,0.0,0.0,0.0,1.0,33.0,0.0,0.0,1.0,0.0,0.0,2.0,0,0,0,1,0,0,0,1,0,0,1,0,1,0,0,0,0,1,0,0,0,1,0,0,0,0,1,0,0,0
23829,5116723.0,0.0,0.0,0.0,20.25,-12131.0,-793.0,1.0,0,0,0,3,-19.0,No,0,0.0,1.0,0.0,0.0,0.0,1.0,33.0,0.0,0.0,1.0,0.0,0.0,2.0,0,0,0,1,0,0,0,1,0,0,1,0,1,0,0,0,0,1,0,0,0,1,0,0,0,0,1,0,0,0
23830,5116724.0,0.0,0.0,0.0,20.25,-12131.0,-793.0,1.0,0,0,0,3,-18.0,No,0,0.0,1.0,0.0,0.0,0.0,1.0,33.0,0.0,0.0,1.0,0.0,0.0,2.0,0,0,0,1,0,0,0,1,0,0,1,0,1,0,0,0,0,1,0,0,0,1,0,0,0,0,1,0,0,0
23831,5116725.0,0.0,0.0,0.0,20.25,-12131.0,-793.0,1.0,0,0,0,3,-23.0,No,0,0.0,1.0,0.0,0.0,0.0,1.0,33.0,0.0,0.0,1.0,0.0,0.0,2.0,0,0,0,1,0,0,0,1,0,0,1,0,1,0,0,0,0,1,0,0,0,1,0,0,0,0,1,0,0,0
23832,5116726.0,0.0,0.0,0.0,20.25,-12131.0,-793.0,1.0,0,0,0,3,-6.0,No,0,0.0,1.0,0.0,0.0,0.0,1.0,33.0,0.0,0.0,1.0,0.0,0.0,2.0,0,0,0,1,0,0,0,1,0,0,1,0,1,0,0,0,0,1,0,0,0,1,0,0,0,0,1,0,0,0
23900,5116823.0,0.0,0.0,1.0,26.55,-12022.0,-4081.0,1.0,0,0,0,3,-57.0,No,0,0.0,1.0,0.0,1.0,0.0,0.0,32.0,0.0,0.0,1.0,0.0,0.0,11.0,0,0,1,0,0,0,0,1,1,0,0,0,0,1,0,0,1,0,0,0,0,1,0,0,0,0,1,0,0,0
23901,5116824.0,0.0,0.0,1.0,26.55,-12022.0,-4081.0,1.0,0,0,0,3,-48.0,No,0,0.0,1.0,0.0,1.0,0.0,0.0,32.0,0.0,0.0,1.0,0.0,0.0,11.0,0,0,1,0,0,0,0,1,1,0,0,0,0,1,0,0,1,0,0,0,0,1,0,0,0,0,1,0,0,0
24577,5118152.0,0.0,0.0,0.0,20.25,-16391.0,-2014.0,1.0,1,0,0,3,-58.0,No,0,0.0,1.0,0.0,0.0,0.0,1.0,44.0,0.0,0.0,0.0,0.0,1.0,5.0,0,0,0,1,0,0,0,1,0,0,1,0,1,0,0,0,1,0,0,0,0,1,0,0,0,0,1,0,0,0
24578,5118153.0,0.0,0.0,0.0,20.25,-16391.0,-2014.0,1.0,1,0,0,3,-39.0,No,0,0.0,1.0,0.0,0.0,0.0,1.0,44.0,0.0,0.0,0.0,0.0,1.0,5.0,0,0,0,1,0,0,0,1,0,0,1,0,1,0,0,0,1,0,0,0,0,1,0,0,0,0,1,0,0,0
24579,5118154.0,0.0,0.0,0.0,20.25,-16391.0,-2014.0,1.0,1,0,0,3,-52.0,No,0,0.0,1.0,0.0,0.0,0.0,1.0,44.0,0.0,0.0,0.0,0.0,1.0,5.0,0,0,0,1,0,0,0,1,0,0,1,0,1,0,0,0,1,0,0,0,0,1,0,0,0,0,1,0,0,0
24580,5118155.0,0.0,0.0,0.0,20.25,-16391.0,-2014.0,1.0,1,0,0,3,-25.0,No,0,0.0,1.0,0.0,0.0,0.0,1.0,44.0,0.0,0.0,0.0,0.0,1.0,5.0,0,0,0,1,0,0,0,1,0,0,1,0,1,0,0,0,1,0,0,0,0,1,0,0,0,0,1,0,0,0
24581,5118156.0,0.0,0.0,0.0,20.25,-16391.0,-2014.0,1.0,1,0,0,3,-29.0,No,0,0.0,1.0,0.0,0.0,0.0,1.0,44.0,0.0,0.0,0.0,0.0,1.0,5.0,0,0,0,1,0,0,0,1,0,0,1,0,1,0,0,0,1,0,0,0,0,1,0,0,0,0,1,0,0,0
24582,5118157.0,0.0,0.0,0.0,20.25,-16391.0,-2014.0,1.0,1,0,0,3,-21.0,No,0,0.0,1.0,0.0,0.0,0.0,1.0,44.0,0.0,0.0,0.0,0.0,1.0,5.0,0,0,0,1,0,0,0,1,0,0,1,0,1,0,0,0,1,0,0,0,0,1,0,0,0,0,1,0,0,0
24583,5118158.0,0.0,0.0,0.0,20.25,-16391.0,-2014.0,1.0,1,0,0,3,-44.0,No,0,0.0,1.0,0.0,0.0,0.0,1.0,44.0,0.0,0.0,0.0,0.0,1.0,5.0,0,0,0,1,0,0,0,1,0,0,1,0,1,0,0,0,1,0,0,0,0,1,0,0,0,0,1,0,0,0
24584,5118159.0,0.0,0.0,0.0,20.25,-16391.0,-2014.0,1.0,1,0,0,3,-52.0,No,0,0.0,1.0,0.0,0.0,0.0,1.0,44.0,0.0,0.0,0.0,0.0,1.0,5.0,0,0,0,1,0,0,0,1,0,0,1,0,1,0,0,0,1,0,0,0,0,1,0,0,0,0,1,0,0,0
24585,5118160.0,0.0,0.0,0.0,20.25,-16391.0,-2014.0,1.0,1,0,0,3,-24.0,No,0,0.0,1.0,0.0,0.0,0.0,1.0,44.0,0.0,0.0,0.0,0.0,1.0,5.0,0,0,0,1,0,0,0,1,0,0,1,0,1,0,0,0,1,0,0,0,0,1,0,0,0,0,1,0,0,0
24586,5118161.0,0.0,0.0,0.0,20.25,-16391.0,-2014.0,1.0,1,0,0,3,-24.0,No,0,0.0,1.0,0.0,0.0,0.0,1.0,44.0,0.0,0.0,0.0,0.0,1.0,5.0,0,0,0,1,0,0,0,1,0,0,1,0,1,0,0,0,1,0,0,0,0,1,0,0,0,0,1,0,0,0
24587,5118162.0,0.0,0.0,0.0,20.25,-16391.0,-2014.0,1.0,1,0,0,3,-21.0,No,0,0.0,1.0,0.0,0.0,0.0,1.0,44.0,0.0,0.0,0.0,0.0,1.0,5.0,0,0,0,1,0,0,0,1,0,0,1,0,1,0,0,0,1,0,0,0,0,1,0,0,0,0,1,0,0,0
24588,5118163.0,0.0,0.0,0.0,20.25,-16391.0,-2014.0,1.0,1,0,0,3,-6.0,No,0,0.0,1.0,0.0,0.0,0.0,1.0,44.0,0.0,0.0,0.0,0.0,1.0,5.0,0,0,0,1,0,0,0,1,0,0,1,0,1,0,0,0,1,0,0,0,0,1,0,0,0,0,1,0,0,0
25288,5125723.0,0.0,0.0,1.0,27.0,-13404.0,-591.0,1.0,0,1,0,3,-18.0,No,0,0.0,1.0,0.0,1.0,0.0,0.0,36.0,0.0,0.0,1.0,0.0,0.0,1.0,0,0,0,1,0,0,0,1,1,0,0,0,0,1,0,0,1,0,0,0,0,1,0,0,0,0,1,0,0,0
25473,5125989.0,0.0,0.0,1.0,22.5,-11262.0,-1779.0,1.0,1,1,0,3,-19.0,No,0,0.0,1.0,0.0,1.0,0.0,0.0,30.0,0.0,0.0,1.0,0.0,0.0,4.0,0,0,0,1,0,0,0,1,1,0,0,1,0,0,0,0,1,0,0,0,0,1,0,0,0,0,1,0,0,0
25474,5125992.0,0.0,0.0,1.0,22.5,-11262.0,-1779.0,1.0,1,1,0,3,-16.0,No,0,0.0,1.0,0.0,1.0,0.0,0.0,30.0,0.0,0.0,1.0,0.0,0.0,4.0,0,0,0,1,0,0,0,1,1,0,0,1,0,0,0,0,1,0,0,0,0,1,0,0,0,0,1,0,0,0
25475,5125993.0,0.0,0.0,1.0,22.5,-11262.0,-1779.0,1.0,1,1,0,3,-21.0,No,0,0.0,1.0,0.0,1.0,0.0,0.0,30.0,0.0,0.0,1.0,0.0,0.0,4.0,0,0,0,1,0,0,0,1,1,0,0,1,0,0,0,0,1,0,0,0,0,1,0,0,0,0,1,0,0,0
25719,5126350.0,1.0,0.0,0.0,15.75,-12348.0,-380.0,1.0,0,1,0,3,-20.0,No,0,0.0,1.0,0.0,0.0,0.0,1.0,33.0,0.0,0.0,1.0,0.0,0.0,1.0,0,0,0,1,0,0,0,1,0,0,1,0,1,0,0,0,1,0,0,0,0,1,0,0,0,0,1,0,0,0
25720,5126351.0,1.0,0.0,0.0,15.75,-12348.0,-380.0,1.0,0,1,0,3,-43.0,No,0,0.0,1.0,0.0,0.0,0.0,1.0,33.0,0.0,0.0,1.0,0.0,0.0,1.0,0,0,0,1,0,0,0,1,0,0,1,0,1,0,0,0,1,0,0,0,0,1,0,0,0,0,1,0,0,0
25721,5126352.0,1.0,0.0,0.0,15.75,-12348.0,-380.0,1.0,0,1,0,3,-54.0,No,0,0.0,1.0,0.0,0.0,0.0,1.0,33.0,0.0,0.0,1.0,0.0,0.0,1.0,0,0,0,1,0,0,0,1,0,0,1,0,1,0,0,0,1,0,0,0,0,1,0,0,0,0,1,0,0,0
25722,5126353.0,1.0,0.0,0.0,15.75,-12348.0,-380.0,1.0,0,1,0,3,-32.0,No,0,0.0,1.0,0.0,0.0,0.0,1.0,33.0,0.0,0.0,1.0,0.0,0.0,1.0,0,0,0,1,0,0,0,1,0,0,1,0,1,0,0,0,1,0,0,0,0,1,0,0,0,0,1,0,0,0
25723,5126354.0,1.0,0.0,0.0,15.75,-12348.0,-380.0,1.0,0,1,0,3,-23.0,No,0,0.0,1.0,0.0,0.0,0.0,1.0,33.0,0.0,0.0,1.0,0.0,0.0,1.0,0,0,0,1,0,0,0,1,0,0,1,0,1,0,0,0,1,0,0,0,0,1,0,0,0,0,1,0,0,0
25724,5126355.0,1.0,0.0,0.0,15.75,-12348.0,-380.0,1.0,0,1,0,3,-54.0,No,0,0.0,1.0,0.0,0.0,0.0,1.0,33.0,0.0,0.0,1.0,0.0,0.0,1.0,0,0,0,1,0,0,0,1,0,0,1,0,1,0,0,0,1,0,0,0,0,1,0,0,0,0,1,0,0,0
25725,5126356.0,1.0,0.0,0.0,15.75,-12348.0,-380.0,1.0,0,1,0,3,-43.0,No,0,0.0,1.0,0.0,0.0,0.0,1.0,33.0,0.0,0.0,1.0,0.0,0.0,1.0,0,0,0,1,0,0,0,1,0,0,1,0,1,0,0,0,1,0,0,0,0,1,0,0,0,0,1,0,0,0
25726,5126357.0,1.0,0.0,0.0,15.75,-12348.0,-380.0,1.0,0,1,0,3,-31.0,No,0,0.0,1.0,0.0,0.0,0.0,1.0,33.0,0.0,0.0,1.0,0.0,0.0,1.0,0,0,0,1,0,0,0,1,0,0,1,0,1,0,0,0,1,0,0,0,0,1,0,0,0,0,1,0,0,0
25727,5126358.0,1.0,0.0,0.0,15.75,-12348.0,-380.0,1.0,0,1,0,3,-29.0,No,0,0.0,1.0,0.0,0.0,0.0,1.0,33.0,0.0,0.0,1.0,0.0,0.0,1.0,0,0,0,1,0,0,0,1,0,0,1,0,1,0,0,0,1,0,0,0,0,1,0,0,0,0,1,0,0,0
25728,5126359.0,1.0,0.0,0.0,15.75,-12348.0,-380.0,1.0,0,1,0,3,-20.0,No,0,0.0,1.0,0.0,0.0,0.0,1.0,33.0,0.0,0.0,1.0,0.0,0.0,1.0,0,0,0,1,0,0,0,1,0,0,1,0,1,0,0,0,1,0,0,0,0,1,0,0,0,0,1,0,0,0
25729,5126360.0,1.0,0.0,0.0,15.75,-12348.0,-380.0,1.0,0,1,0,3,-15.0,No,0,0.0,1.0,0.0,0.0,0.0,1.0,33.0,0.0,0.0,1.0,0.0,0.0,1.0,0,0,0,1,0,0,0,1,0,0,1,0,1,0,0,0,1,0,0,0,0,1,0,0,0,0,1,0,0,0
25730,5126361.0,1.0,0.0,0.0,15.75,-12348.0,-380.0,1.0,0,1,0,3,-32.0,No,0,0.0,1.0,0.0,0.0,0.0,1.0,33.0,0.0,0.0,1.0,0.0,0.0,1.0,0,0,0,1,0,0,0,1,0,0,1,0,1,0,0,0,1,0,0,0,0,1,0,0,0,0,1,0,0,0
25731,5126362.0,1.0,0.0,0.0,15.75,-12348.0,-380.0,1.0,0,1,0,3,-34.0,No,0,0.0,1.0,0.0,0.0,0.0,1.0,33.0,0.0,0.0,1.0,0.0,0.0,1.0,0,0,0,1,0,0,0,1,0,0,1,0,1,0,0,0,1,0,0,0,0,1,0,0,0,0,1,0,0,0
25977,5126798.0,0.0,0.0,1.0,39.15,-14066.0,-3027.0,1.0,0,0,0,3,-16.0,No,0,0.0,1.0,0.0,1.0,0.0,0.0,38.0,0.0,0.0,1.0,0.0,0.0,8.0,0,0,0,1,0,0,0,1,0,0,1,0,1,0,0,0,1,0,0,0,0,1,0,0,0,0,1,0,0,0
25978,5126799.0,0.0,0.0,1.0,39.15,-14066.0,-3027.0,1.0,0,0,0,3,-31.0,No,0,0.0,1.0,0.0,1.0,0.0,0.0,38.0,0.0,0.0,1.0,0.0,0.0,8.0,0,0,0,1,0,0,0,1,0,0,1,0,1,0,0,0,1,0,0,0,0,1,0,0,0,0,1,0,0,0
25979,5126800.0,0.0,0.0,1.0,39.15,-14066.0,-3027.0,1.0,0,0,0,3,-12.0,No,0,0.0,1.0,0.0,1.0,0.0,0.0,38.0,0.0,0.0,1.0,0.0,0.0,8.0,0,0,0,1,0,0,0,1,0,0,1,0,1,0,0,0,1,0,0,0,0,1,0,0,0,0,1,0,0,0
25980,5126801.0,0.0,0.0,1.0,39.15,-14066.0,-3027.0,1.0,0,0,0,3,-16.0,No,0,0.0,1.0,0.0,1.0,0.0,0.0,38.0,0.0,0.0,1.0,0.0,0.0,8.0,0,0,0,1,0,0,0,1,0,0,1,0,1,0,0,0,1,0,0,0,0,1,0,0,0,0,1,0,0,0
25981,5126802.0,0.0,0.0,1.0,39.15,-14066.0,-3027.0,1.0,0,0,0,3,-13.0,No,0,0.0,1.0,0.0,1.0,0.0,0.0,38.0,0.0,0.0,1.0,0.0,0.0,8.0,0,0,0,1,0,0,0,1,0,0,1,0,1,0,0,0,1,0,0,0,0,1,0,0,0,0,1,0,0,0
25982,5126803.0,0.0,0.0,1.0,39.15,-14066.0,-3027.0,1.0,0,0,0,3,-19.0,No,0,0.0,1.0,0.0,1.0,0.0,0.0,38.0,0.0,0.0,1.0,0.0,0.0,8.0,0,0,0,1,0,0,0,1,0,0,1,0,1,0,0,0,1,0,0,0,0,1,0,0,0,0,1,0,0,0
26048,5132354.0,0.0,0.0,1.0,13.5,-13599.0,-530.0,1.0,0,0,0,3,-6.0,No,0,0.0,1.0,0.0,0.0,1.0,0.0,37.0,0.0,0.0,1.0,0.0,0.0,1.0,0,0,0,1,0,0,0,1,0,0,1,0,0,1,0,0,1,0,0,0,0,1,0,0,0,0,1,0,0,0
27080,5137313.0,0.0,0.0,0.0,13.5,-9454.0,-1022.0,1.0,1,0,0,3,-27.0,No,0,0.0,1.0,0.0,0.0,1.0,0.0,25.0,0.0,0.0,0.0,1.0,0.0,2.0,0,0,0,1,0,0,0,1,0,1,0,0,0,1,0,0,1,0,0,0,0,1,0,0,0,0,1,0,0,0
27081,5137314.0,0.0,0.0,0.0,13.5,-9454.0,-1022.0,1.0,1,0,0,3,-22.0,No,0,0.0,1.0,0.0,0.0,1.0,0.0,25.0,0.0,0.0,0.0,1.0,0.0,2.0,0,0,0,1,0,0,0,1,0,1,0,0,0,1,0,0,1,0,0,0,0,1,0,0,0,0,1,0,0,0
27082,5137315.0,0.0,0.0,0.0,13.5,-9454.0,-1022.0,1.0,1,0,0,3,-19.0,No,0,0.0,1.0,0.0,0.0,1.0,0.0,25.0,0.0,0.0,0.0,1.0,0.0,2.0,0,0,0,1,0,0,0,1,0,1,0,0,0,1,0,0,1,0,0,0,0,1,0,0,0,0,1,0,0,0
27083,5137316.0,0.0,0.0,0.0,13.5,-9454.0,-1022.0,1.0,1,0,0,3,-50.0,No,0,0.0,1.0,0.0,0.0,1.0,0.0,25.0,0.0,0.0,0.0,1.0,0.0,2.0,0,0,0,1,0,0,0,1,0,1,0,0,0,1,0,0,1,0,0,0,0,1,0,0,0,0,1,0,0,0
27084,5137317.0,0.0,0.0,0.0,13.5,-9454.0,-1022.0,1.0,1,0,0,3,-26.0,No,0,0.0,1.0,0.0,0.0,1.0,0.0,25.0,0.0,0.0,0.0,1.0,0.0,2.0,0,0,0,1,0,0,0,1,0,1,0,0,0,1,0,0,1,0,0,0,0,1,0,0,0,0,1,0,0,0
27158,5137435.0,0.0,0.0,0.0,15.75,-12071.0,-930.0,1.0,1,0,0,3,-6.0,No,0,0.0,1.0,0.0,0.0,0.0,1.0,33.0,0.0,0.0,1.0,0.0,0.0,2.0,0,0,0,1,0,0,0,1,1,0,0,1,0,0,0,0,1,0,0,0,0,1,0,0,0,0,1,0,0,0
27159,5137436.0,0.0,0.0,0.0,15.75,-12071.0,-930.0,1.0,1,0,0,3,-19.0,No,0,0.0,1.0,0.0,0.0,0.0,1.0,33.0,0.0,0.0,1.0,0.0,0.0,2.0,0,0,0,1,0,0,0,1,1,0,0,1,0,0,0,0,1,0,0,0,0,1,0,0,0,0,1,0,0,0
27160,5137437.0,0.0,0.0,0.0,15.75,-12071.0,-930.0,1.0,1,0,0,3,-27.0,No,0,0.0,1.0,0.0,0.0,0.0,1.0,33.0,0.0,0.0,1.0,0.0,0.0,2.0,0,0,0,1,0,0,0,1,1,0,0,1,0,0,0,0,1,0,0,0,0,1,0,0,0,0,1,0,0,0
27161,5137438.0,0.0,0.0,0.0,15.75,-12071.0,-930.0,1.0,1,0,0,3,-17.0,No,0,0.0,1.0,0.0,0.0,0.0,1.0,33.0,0.0,0.0,1.0,0.0,0.0,2.0,0,0,0,1,0,0,0,1,1,0,0,1,0,0,0,0,1,0,0,0,0,1,0,0,0,0,1,0,0,0
27495,5142117.0,1.0,0.0,0.0,22.5,-18093.0,-2493.0,1.0,0,0,0,3,-38.0,No,0,0.0,1.0,0.0,1.0,0.0,0.0,49.0,1.0,0.0,0.0,0.0,0.0,6.0,0,0,0,1,0,0,0,1,0,0,1,0,0,1,0,0,1,0,0,0,0,1,0,0,0,0,1,0,0,0
27496,5142118.0,1.0,0.0,0.0,22.5,-18093.0,-2493.0,1.0,0,0,0,3,-33.0,No,0,0.0,1.0,0.0,1.0,0.0,0.0,49.0,1.0,0.0,0.0,0.0,0.0,6.0,0,0,0,1,0,0,0,1,0,0,1,0,0,1,0,0,1,0,0,0,0,1,0,0,0,0,1,0,0,0
27927,5142733.0,1.0,0.0,0.0,36.0,-11112.0,-469.0,1.0,1,1,0,3,-22.0,No,0,0.0,1.0,0.0,1.0,0.0,0.0,30.0,0.0,0.0,1.0,0.0,0.0,1.0,0,0,0,1,0,0,0,1,0,0,1,0,0,1,0,0,1,0,0,0,0,1,0,0,0,0,1,0,0,0
27928,5142734.0,1.0,0.0,0.0,36.0,-11112.0,-469.0,1.0,1,1,0,3,-51.0,Yes,1,0.0,1.0,0.0,1.0,0.0,0.0,30.0,0.0,0.0,1.0,0.0,0.0,1.0,0,0,0,1,0,0,0,1,0,0,1,0,0,1,0,0,1,0,0,0,0,1,0,0,0,0,1,0,0,0
27929,5142736.0,1.0,0.0,0.0,36.0,-11112.0,-469.0,1.0,1,1,0,3,-8.0,No,0,0.0,1.0,0.0,1.0,0.0,0.0,30.0,0.0,0.0,1.0,0.0,0.0,1.0,0,0,0,1,0,0,0,1,0,0,1,0,0,1,0,0,1,0,0,0,0,1,0,0,0,0,1,0,0,0
27930,5142737.0,1.0,0.0,0.0,36.0,-11112.0,-469.0,1.0,1,1,0,3,-42.0,No,0,0.0,1.0,0.0,1.0,0.0,0.0,30.0,0.0,0.0,1.0,0.0,0.0,1.0,0,0,0,1,0,0,0,1,0,0,1,0,0,1,0,0,1,0,0,0,0,1,0,0,0,0,1,0,0,0
27931,5142738.0,1.0,0.0,0.0,36.0,-11112.0,-469.0,1.0,1,1,0,3,-60.0,Yes,1,0.0,1.0,0.0,1.0,0.0,0.0,30.0,0.0,0.0,1.0,0.0,0.0,1.0,0,0,0,1,0,0,0,1,0,0,1,0,0,1,0,0,1,0,0,0,0,1,0,0,0,0,1,0,0,0
27932,5142740.0,1.0,0.0,0.0,36.0,-11112.0,-469.0,1.0,1,1,0,3,-45.0,Yes,1,0.0,1.0,0.0,1.0,0.0,0.0,30.0,0.0,0.0,1.0,0.0,0.0,1.0,0,0,0,1,0,0,0,1,0,0,1,0,0,1,0,0,1,0,0,0,0,1,0,0,0,0,1,0,0,0
28123,5143034.0,1.0,0.0,0.0,27.0,-10108.0,-1473.0,1.0,1,0,0,3,-20.0,No,0,0.0,1.0,0.0,1.0,0.0,0.0,27.0,0.0,0.0,0.0,1.0,0.0,4.0,0,0,0,1,0,0,0,1,0,0,1,0,0,1,0,0,1,0,0,0,0,1,0,0,0,0,1,0,0,0
28124,5143035.0,1.0,0.0,0.0,27.0,-10108.0,-1473.0,1.0,1,0,0,3,-36.0,No,0,0.0,1.0,0.0,1.0,0.0,0.0,27.0,0.0,0.0,0.0,1.0,0.0,4.0,0,0,0,1,0,0,0,1,0,0,1,0,0,1,0,0,1,0,0,0,0,1,0,0,0,0,1,0,0,0
28125,5143036.0,1.0,0.0,0.0,27.0,-10108.0,-1473.0,1.0,1,0,0,3,-39.0,No,0,0.0,1.0,0.0,1.0,0.0,0.0,27.0,0.0,0.0,0.0,1.0,0.0,4.0,0,0,0,1,0,0,0,1,0,0,1,0,0,1,0,0,1,0,0,0,0,1,0,0,0,0,1,0,0,0
28126,5143038.0,1.0,0.0,0.0,27.0,-10108.0,-1473.0,1.0,1,0,0,3,-39.0,No,0,0.0,1.0,0.0,1.0,0.0,0.0,27.0,0.0,0.0,0.0,1.0,0.0,4.0,0,0,0,1,0,0,0,1,0,0,1,0,0,1,0,0,1,0,0,0,0,1,0,0,0,0,1,0,0,0
28127,5143039.0,1.0,0.0,0.0,27.0,-10108.0,-1473.0,1.0,1,0,0,3,-9.0,No,0,0.0,1.0,0.0,1.0,0.0,0.0,27.0,0.0,0.0,0.0,1.0,0.0,4.0,0,0,0,1,0,0,0,1,0,0,1,0,0,1,0,0,1,0,0,0,0,1,0,0,0,0,1,0,0,0
28641,5146051.0,0.0,0.0,0.0,22.5,-14265.0,-6033.0,1.0,0,1,0,3,-24.0,No,0,0.0,1.0,0.0,1.0,0.0,0.0,39.0,0.0,0.0,1.0,0.0,0.0,16.0,0,0,1,0,0,0,0,1,0,1,0,0,1,0,0,0,0,1,0,0,0,1,0,0,0,1,0,0,0,0
28642,5146052.0,0.0,0.0,0.0,22.5,-14265.0,-6033.0,1.0,0,1,0,3,-20.0,No,0,0.0,1.0,0.0,1.0,0.0,0.0,39.0,0.0,0.0,1.0,0.0,0.0,16.0,0,0,1,0,0,0,0,1,0,1,0,0,1,0,0,0,0,1,0,0,0,1,0,0,0,1,0,0,0,0
28643,5146053.0,0.0,0.0,0.0,22.5,-14265.0,-6033.0,1.0,0,1,0,3,-27.0,No,0,0.0,1.0,0.0,1.0,0.0,0.0,39.0,0.0,0.0,1.0,0.0,0.0,16.0,0,0,1,0,0,0,0,1,0,1,0,0,1,0,0,0,0,1,0,0,0,1,0,0,0,1,0,0,0,0
28644,5146054.0,0.0,0.0,0.0,22.5,-14265.0,-6033.0,1.0,0,1,0,3,-6.0,No,0,0.0,1.0,0.0,1.0,0.0,0.0,39.0,0.0,0.0,1.0,0.0,0.0,16.0,0,0,1,0,0,0,0,1,0,1,0,0,1,0,0,0,0,1,0,0,0,1,0,0,0,1,0,0,0,0
28645,5146055.0,0.0,0.0,0.0,22.5,-14265.0,-6033.0,1.0,0,1,0,3,-4.0,No,0,0.0,1.0,0.0,1.0,0.0,0.0,39.0,0.0,0.0,1.0,0.0,0.0,16.0,0,0,1,0,0,0,0,1,0,1,0,0,1,0,0,0,0,1,0,0,0,1,0,0,0,1,0,0,0,0
28839,5148486.0,0.0,0.0,1.0,18.0,-19614.0,-2878.0,1.0,0,0,0,3,-40.0,No,0,0.0,1.0,0.0,0.0,0.0,1.0,53.0,1.0,0.0,0.0,0.0,0.0,7.0,0,0,0,1,0,0,0,1,1,0,0,0,0,1,0,0,1,0,0,0,0,1,0,0,0,0,1,0,0,0
28840,5148488.0,0.0,0.0,1.0,18.0,-19614.0,-2878.0,1.0,0,0,0,3,-53.0,No,0,0.0,1.0,0.0,0.0,0.0,1.0,53.0,1.0,0.0,0.0,0.0,0.0,7.0,0,0,0,1,0,0,0,1,1,0,0,0,0,1,0,0,1,0,0,0,0,1,0,0,0,0,1,0,0,0
28841,5148489.0,0.0,0.0,1.0,18.0,-19614.0,-2878.0,1.0,0,0,0,3,-13.0,No,0,0.0,1.0,0.0,0.0,0.0,1.0,53.0,1.0,0.0,0.0,0.0,0.0,7.0,0,0,0,1,0,0,0,1,1,0,0,0,0,1,0,0,1,0,0,0,0,1,0,0,0,0,1,0,0,0
28842,5148490.0,0.0,0.0,1.0,18.0,-19614.0,-2878.0,1.0,0,0,0,3,-18.0,No,0,0.0,1.0,0.0,0.0,0.0,1.0,53.0,1.0,0.0,0.0,0.0,0.0,7.0,0,0,0,1,0,0,0,1,1,0,0,0,0,1,0,0,1,0,0,0,0,1,0,0,0,0,1,0,0,0
28843,5148491.0,0.0,0.0,1.0,18.0,-19614.0,-2878.0,1.0,0,0,0,3,-27.0,No,0,0.0,1.0,0.0,0.0,0.0,1.0,53.0,1.0,0.0,0.0,0.0,0.0,7.0,0,0,0,1,0,0,0,1,1,0,0,0,0,1,0,0,1,0,0,0,0,1,0,0,0,0,1,0,0,0
28945,5148696.0,1.0,0.0,1.0,20.25,-11836.0,-2755.0,1.0,0,0,0,3,-6.0,No,0,0.0,1.0,0.0,0.0,0.0,1.0,32.0,0.0,0.0,1.0,0.0,0.0,7.0,0,0,0,1,0,0,0,1,0,0,1,0,1,0,0,0,1,0,0,0,0,1,0,0,0,0,1,0,0,0
28946,5148697.0,1.0,0.0,1.0,20.25,-11836.0,-2755.0,1.0,0,0,0,3,-38.0,No,0,0.0,1.0,0.0,0.0,0.0,1.0,32.0,0.0,0.0,1.0,0.0,0.0,7.0,0,0,0,1,0,0,0,1,0,0,1,0,1,0,0,0,1,0,0,0,0,1,0,0,0,0,1,0,0,0
28947,5148698.0,1.0,0.0,1.0,20.25,-11836.0,-2755.0,1.0,0,0,0,3,-7.0,No,0,0.0,1.0,0.0,0.0,0.0,1.0,32.0,0.0,0.0,1.0,0.0,0.0,7.0,0,0,0,1,0,0,0,1,0,0,1,0,1,0,0,0,1,0,0,0,0,1,0,0,0,0,1,0,0,0
28948,5148699.0,1.0,0.0,1.0,20.25,-11836.0,-2755.0,1.0,0,0,0,3,-5.0,No,0,0.0,1.0,0.0,0.0,0.0,1.0,32.0,0.0,0.0,1.0,0.0,0.0,7.0,0,0,0,1,0,0,0,1,0,0,1,0,1,0,0,0,1,0,0,0,0,1,0,0,0,0,1,0,0,0
28949,5148700.0,1.0,0.0,1.0,20.25,-11836.0,-2755.0,1.0,0,0,0,3,-7.0,No,0,0.0,1.0,0.0,0.0,0.0,1.0,32.0,0.0,0.0,1.0,0.0,0.0,7.0,0,0,0,1,0,0,0,1,0,0,1,0,1,0,0,0,1,0,0,0,0,1,0,0,0,0,1,0,0,0
28950,5148701.0,1.0,0.0,1.0,20.25,-11836.0,-2755.0,1.0,0,0,0,3,-16.0,No,0,0.0,1.0,0.0,0.0,0.0,1.0,32.0,0.0,0.0,1.0,0.0,0.0,7.0,0,0,0,1,0,0,0,1,0,0,1,0,1,0,0,0,1,0,0,0,0,1,0,0,0,0,1,0,0,0
29551,5149553.0,0.0,0.0,1.0,24.75,-14371.0,-1325.0,1.0,0,0,1,3,-23.0,No,0,0.0,1.0,0.0,1.0,0.0,0.0,39.0,0.0,0.0,1.0,0.0,0.0,3.0,0,0,0,1,0,0,0,1,1,0,0,0,0,1,0,0,1,0,0,0,0,1,0,0,0,0,1,0,0,0
29552,5149554.0,0.0,0.0,1.0,24.75,-14371.0,-1325.0,1.0,0,0,1,3,-32.0,No,0,0.0,1.0,0.0,1.0,0.0,0.0,39.0,0.0,0.0,1.0,0.0,0.0,3.0,0,0,0,1,0,0,0,1,1,0,0,0,0,1,0,0,1,0,0,0,0,1,0,0,0,0,1,0,0,0
29553,5149555.0,0.0,0.0,1.0,24.75,-14371.0,-1325.0,1.0,0,0,1,3,-27.0,No,0,0.0,1.0,0.0,1.0,0.0,0.0,39.0,0.0,0.0,1.0,0.0,0.0,3.0,0,0,0,1,0,0,0,1,1,0,0,0,0,1,0,0,1,0,0,0,0,1,0,0,0,0,1,0,0,0
29554,5149556.0,0.0,0.0,1.0,24.75,-14371.0,-1325.0,1.0,0,0,1,3,-35.0,No,0,0.0,1.0,0.0,1.0,0.0,0.0,39.0,0.0,0.0,1.0,0.0,0.0,3.0,0,0,0,1,0,0,0,1,1,0,0,0,0,1,0,0,1,0,0,0,0,1,0,0,0,0,1,0,0,0
29555,5149557.0,0.0,0.0,1.0,24.75,-14371.0,-1325.0,1.0,0,0,1,3,-45.0,No,0,0.0,1.0,0.0,1.0,0.0,0.0,39.0,0.0,0.0,1.0,0.0,0.0,3.0,0,0,0,1,0,0,0,1,1,0,0,0,0,1,0,0,1,0,0,0,0,1,0,0,0,0,1,0,0,0
29556,5149558.0,0.0,0.0,1.0,24.75,-14371.0,-1325.0,1.0,0,0,1,3,-23.0,No,0,0.0,1.0,0.0,1.0,0.0,0.0,39.0,0.0,0.0,1.0,0.0,0.0,3.0,0,0,0,1,0,0,0,1,1,0,0,0,0,1,0,0,1,0,0,0,0,1,0,0,0,0,1,0,0,0
29557,5149559.0,0.0,0.0,1.0,24.75,-14371.0,-1325.0,1.0,0,0,1,3,-15.0,No,0,0.0,1.0,0.0,1.0,0.0,0.0,39.0,0.0,0.0,1.0,0.0,0.0,3.0,0,0,0,1,0,0,0,1,1,0,0,0,0,1,0,0,1,0,0,0,0,1,0,0,0,0,1,0,0,0
29558,5149561.0,0.0,0.0,1.0,24.75,-14371.0,-1325.0,1.0,0,0,1,3,-32.0,No,0,0.0,1.0,0.0,1.0,0.0,0.0,39.0,0.0,0.0,1.0,0.0,0.0,3.0,0,0,0,1,0,0,0,1,1,0,0,0,0,1,0,0,1,0,0,0,0,1,0,0,0,0,1,0,0,0
29559,5149562.0,0.0,0.0,1.0,24.75,-14371.0,-1325.0,1.0,0,0,1,3,-13.0,No,0,0.0,1.0,0.0,1.0,0.0,0.0,39.0,0.0,0.0,1.0,0.0,0.0,3.0,0,0,0,1,0,0,0,1,1,0,0,0,0,1,0,0,1,0,0,0,0,1,0,0,0,0,1,0,0,0
29560,5149563.0,0.0,0.0,1.0,24.75,-14371.0,-1325.0,1.0,0,0,1,3,-23.0,No,0,0.0,1.0,0.0,1.0,0.0,0.0,39.0,0.0,0.0,1.0,0.0,0.0,3.0,0,0,0,1,0,0,0,1,1,0,0,0,0,1,0,0,1,0,0,0,0,1,0,0,0,0,1,0,0,0
29561,5149564.0,0.0,0.0,1.0,24.75,-14371.0,-1325.0,1.0,0,0,1,3,-32.0,No,0,0.0,1.0,0.0,1.0,0.0,0.0,39.0,0.0,0.0,1.0,0.0,0.0,3.0,0,0,0,1,0,0,0,1,1,0,0,0,0,1,0,0,1,0,0,0,0,1,0,0,0,0,1,0,0,0
29663,5149703.0,0.0,0.0,1.0,9.0,-11574.0,-3608.0,1.0,0,1,0,3,-12.0,No,0,0.0,1.0,0.0,0.0,1.0,0.0,31.0,0.0,0.0,1.0,0.0,0.0,9.0,0,0,1,0,0,0,0,1,0,0,1,0,0,1,0,0,1,0,0,0,0,1,0,0,0,0,1,0,0,0
29664,5149704.0,0.0,0.0,1.0,9.0,-11574.0,-3608.0,1.0,0,1,0,3,-41.0,No,0,0.0,1.0,0.0,0.0,1.0,0.0,31.0,0.0,0.0,1.0,0.0,0.0,9.0,0,0,1,0,0,0,0,1,0,0,1,0,0,1,0,0,1,0,0,0,0,1,0,0,0,0,1,0,0,0
29665,5149705.0,0.0,0.0,1.0,9.0,-11574.0,-3608.0,1.0,0,1,0,3,-52.0,No,0,0.0,1.0,0.0,0.0,1.0,0.0,31.0,0.0,0.0,1.0,0.0,0.0,9.0,0,0,1,0,0,0,0,1,0,0,1,0,0,1,0,0,1,0,0,0,0,1,0,0,0,0,1,0,0,0
29666,5149707.0,0.0,0.0,1.0,9.0,-11574.0,-3608.0,1.0,0,1,0,3,-38.0,No,0,0.0,1.0,0.0,0.0,1.0,0.0,31.0,0.0,0.0,1.0,0.0,0.0,9.0,0,0,1,0,0,0,0,1,0,0,1,0,0,1,0,0,1,0,0,0,0,1,0,0,0,0,1,0,0,0
29667,5149708.0,0.0,0.0,1.0,9.0,-11574.0,-3608.0,1.0,0,1,0,3,-27.0,No,0,0.0,1.0,0.0,0.0,1.0,0.0,31.0,0.0,0.0,1.0,0.0,0.0,9.0,0,0,1,0,0,0,0,1,0,0,1,0,0,1,0,0,1,0,0,0,0,1,0,0,0,0,1,0,0,0
29668,5149709.0,0.0,0.0,1.0,9.0,-11574.0,-3608.0,1.0,0,1,0,3,-15.0,No,0,0.0,1.0,0.0,0.0,1.0,0.0,31.0,0.0,0.0,1.0,0.0,0.0,9.0,0,0,1,0,0,0,0,1,0,0,1,0,0,1,0,0,1,0,0,0,0,1,0,0,0,0,1,0,0,0
29669,5149710.0,0.0,0.0,1.0,9.0,-11574.0,-3608.0,1.0,0,1,0,3,-20.0,No,0,0.0,1.0,0.0,0.0,1.0,0.0,31.0,0.0,0.0,1.0,0.0,0.0,9.0,0,0,1,0,0,0,0,1,0,0,1,0,0,1,0,0,1,0,0,0,0,1,0,0,0,0,1,0,0,0
29670,5149711.0,0.0,0.0,1.0,9.0,-11574.0,-3608.0,1.0,0,1,0,3,-29.0,No,0,0.0,1.0,0.0,0.0,1.0,0.0,31.0,0.0,0.0,1.0,0.0,0.0,9.0,0,0,1,0,0,0,0,1,0,0,1,0,0,1,0,0,1,0,0,0,0,1,0,0,0,0,1,0,0,0
30050,5021303.0,1.0,0.0,0.0,47.25,-8907.0,-913.0,1.0,0,0,1,3,-14.0,Yes,1,0.0,1.0,0.0,1.0,0.0,0.0,24.0,0.0,0.0,0.0,1.0,0.0,2.0,0,0,0,1,0,0,0,1,0,1,0,0,1,0,0,0,0,0,0,0,1,1,0,0,0,0,1,0,0,0
30102,5045495.0,0.0,0.0,0.0,7.2,-12522.0,-382.0,1.0,0,0,0,3,-11.0,Yes,1,0.0,1.0,0.0,0.0,1.0,0.0,34.0,0.0,0.0,1.0,0.0,0.0,1.0,0,0,0,1,0,0,0,1,0,0,1,0,0,1,0,0,1,0,0,0,0,1,0,0,0,0,1,0,0,0
30109,5046565.0,1.0,0.0,0.0,33.75,-17593.0,-2370.0,1.0,0,0,1,3,-12.0,Yes,1,0.0,1.0,0.0,1.0,0.0,0.0,48.0,0.0,0.0,0.0,0.0,1.0,6.0,0,0,0,1,0,0,0,1,1,0,0,0,0,1,0,0,1,0,0,0,0,1,0,0,0,0,1,0,0,0
30138,5053774.0,1.0,0.0,1.0,13.5,-13438.0,-3679.0,1.0,0,0,0,3,-11.0,Yes,1,0.0,1.0,0.0,0.0,1.0,0.0,36.0,0.0,0.0,1.0,0.0,0.0,10.0,0,0,1,0,0,0,0,1,0,0,1,0,1,0,0,0,1,0,0,0,0,1,0,0,0,0,1,0,0,0
30146,5056083.0,0.0,0.0,0.0,18.0,-11630.0,-3769.0,1.0,0,0,0,3,-44.0,Yes,1,0.0,1.0,0.0,0.0,0.0,1.0,31.0,0.0,0.0,1.0,0.0,0.0,10.0,0,0,1,0,0,0,0,1,0,0,1,1,0,0,0,0,1,0,0,0,0,1,0,0,0,0,1,0,0,0
30152,5061691.0,0.0,0.0,1.0,6.75,-9122.0,-1567.0,1.0,0,0,1,3,-12.0,Yes,1,0.0,1.0,0.0,0.0,1.0,0.0,24.0,0.0,0.0,0.0,1.0,0.0,4.0,0,0,0,1,0,0,0,1,1,0,0,1,0,0,0,0,1,0,0,0,0,1,0,0,0,0,1,0,0,0
30285,5136888.0,1.0,0.0,0.0,17.9271,-10961.0,-1235.0,1.0,0,0,0,3,-9.0,Yes,1,0.0,1.0,0.0,0.0,0.0,1.0,30.0,0.0,0.0,1.0,0.0,0.0,3.0,0,0,0,1,0,0,0,1,0,0,1,0,0,1,0,0,1,0,0,0,0,1,0,0,0,0,1,0,0,0
30290,5142741.0,1.0,0.0,0.0,36.0,-11112.0,-469.0,1.0,1,1,0,3,-37.0,Yes,1,0.0,1.0,0.0,1.0,0.0,0.0,30.0,0.0,0.0,1.0,0.0,0.0,1.0,0,0,0,1,0,0,0,1,0,0,1,0,0,1,0,0,1,0,0,0,0,1,0,0,0,0,1,0,0,0
30301,5145846.0,0.0,0.0,1.0,25.65,-17594.0,-1315.0,1.0,0,1,0,3,-14.0,Yes,1,0.0,1.0,0.0,1.0,0.0,0.0,48.0,0.0,0.0,0.0,0.0,1.0,3.0,0,0,0,1,0,0,0,1,0,1,0,0,0,1,0,0,1,0,0,0,0,1,0,0,0,0,1,0,0,0
